dealerid,leadstatustypename,LeadTypeName,LeadTypeID,CustomerCreatedUTC,LeadCreatedUTC,leadsourcename,SalesPersonFirstName,SalesPersonLastName,firstname,lastname,middlename,email,emailalt,VehicleYear,VehicleMake,VehicleModel,VehicleVIN,VehicleStockNumber,SoldDateUTC,DoNotCall,DoNotEmail,DoNotMail
4282,Lost,Import,4,5/21/11 18:48,5/21/11 22:48,Callsource - Globe Director,Francisco Romero,Pena,Christopher York,Waller,J,barryemily@gomez.org,,,,,,,,FALSE,TRUE,FALSE
4282,Sold,Phone,3,6/24/11 17:19,1/28/16 16:37,Repeat Customer,Jonathan Williams,Holder,Kaitlyn Miller,Provencher,P,bchambers@faulkner-howard.com,,2016,Honda,Accord,1HGCR3F9XGA013807,6H556S,1/28/16 5:00,FALSE,TRUE,FALSE
4282,Sold,Internet,1,6/24/11 17:57,11/19/16 1:03,Truecar/Truecar,Francisco Romero,Pena,Carl Rollins,Lange,Clevand,wmiller@stark.org,tcolon@johnston-roberts.com,2016,Honda,CR-V,5J6RM4H96GL042830,6H1503SS,11/19/16 5:00,FALSE,FALSE,FALSE
4282,Sold,Internet,1,6/30/11 0:17,6/11/16 6:10,Truecar/Truecar,Jonathan Williams,Holder,Jerry Bradley MD,Nangle,L,rodriguezcharles@faulkner-howard.com,,2016,Honda,Accord,1HGCR2F6XGA032504,5H1717S,6/12/16 4:00,FALSE,FALSE,FALSE
4282,Bad,Internet,1,7/16/11 14:01,4/23/24 17:48,Dealer Inspire - Website,Suzanne Thomas,Espinosa,Kaitlin Gregory,Spence,,,,,,,,,,FALSE,FALSE,FALSE
4282,Sold,Walk-in,2,9/23/11 20:57,1/2/23 16:36,Location,Emily Blair,Alhado,Jeffrey Williams,Lebaropoulos,R,gwendolynalexander@johnston-roberts.com,,2019,Honda,CR-V,2HKRW2H8XKH662458,2H1180-1,1/4/23 19:57,FALSE,FALSE,FALSE
4282,Lost,Internet,1,9/7/11 0:00,5/26/12 0:30,BlackBookOnline,Jeremy Wood,Torra,Julie Day,Ranjit,Kumar,donaldpope@johnston-roberts.com,donaldpope@johnston-roberts.com,2009,Honda,Accord,1HGCS12819A012425,JC3913,,FALSE,FALSE,FALSE
4282,Lost,Internet,1,10/9/11 20:28,10/9/11 20:28,BlackBookOnline,Emily Blair,Alhado,Sarah Vega,Smyth,,sarahrogers@moon.com,timothyjackson@estes.com,2011,Honda,Insight,,,,FALSE,FALSE,FALSE
4282,Active,Internet,1,5/14/12 18:20,4/27/24 10:05,Edmunds,Elizabeth Houston,Lemus,Kevin Harper,Jaiteh,,rwright@villanueva.biz,,2022,Honda,CR-V Hybrid,,,,FALSE,FALSE,FALSE
4282,Sold,Phone,3,3/4/13 21:52,2/26/24 22:16,Service Drive,Benjamin Shelton,Moronta,Anna Stewart,Amaral,P,erik12@gomez.org,,2021,Honda,Pilot,5FNYF6H36MB013720,4H623-1,2/26/24 23:52,FALSE,TRUE,FALSE
4282,Sold,Internet,1,4/9/13 12:51,9/16/17 0:09,Dealer Inspire,Jonathan Williams,Holder,Steven Hill,Mcclellan,,kimberly14@reilly.biz,kimberly14@reilly.biz,2017,Honda,Pilot,5FNYF6H09HB065466,7H1389S,9/23/17 19:43,FALSE,TRUE,FALSE
4282,Sold,Walk-in,2,7/2/13 19:56,7/2/13 19:56,Location,Francisco Romero,Pena,William Bruce,Franklin,,lisa29@stark.org,,2012,Honda,Accord,1HGCP2F33CA044435,3H1016-1,8/7/13 4:00,FALSE,FALSE,FALSE
4282,Sold,Walk-in,2,7/14/13 19:34,7/14/13 19:34,Dealers WebSite,John Lamb,Perez,Suzanne Clark,Muthini,M,bmarquez@gomez.org,bmarquez@gomez.org,2011,Honda,CR-V,5J6RE4H72BL086991,3H843-1,7/15/13 4:00,FALSE,TRUE,FALSE
4282,Sold,Referral,9,7/23/13 18:01,8/16/23 18:44,Employee,Frederick Harrell,LeDuc,Thomas Chavez,Marte,A,cynthia69@moon.com,froberts@phillips.net,2023,Honda,Passport,5FNYF8H03PB038385,3H1039,11/21/23 19:19,TRUE,TRUE,TRUE
4282,Sold,Phone,3,3/6/14 0:12,3/6/14 0:12,Location,Francisco Romero,Pena,Martha Mitchell,Suon,,sterry@gomez.org,,2014,Honda,CR-V,5J6RM4H31EL060144,4H658,3/6/14 5:00,FALSE,FALSE,FALSE
4282,Active,Internet,1,4/19/14 17:19,4/25/24 0:45,EDMUNDS TRADE IN,Leslie Herring,Vaz,David Smith,Pham,,rogersdouglas@gomez.org,,1900,None,None,,,,FALSE,FALSE,FALSE
4282,Lost,Phone,3,7/24/14 18:58,2/28/23 15:18,Service Drive,John Lamb,Perez,Frederick Harrell,Pacheco,L,garcialatoya@johnston-roberts.com,garcialatoya@johnston-roberts.com,2023,Honda,Accord Sedan,1HGCY1F22PA004254,3H283,,FALSE,TRUE,FALSE
4282,Sold,Internet,1,7/28/14 13:06,7/26/14 20:44,Atamian Honda - Contactatonce! Chat,Francisco Romero,Pena,Mark Morgan,Keddie,A,taylor42@johnston-roberts.com,,2014,Honda,CR-V,5J6RM4H73EL071942,4H1245S,7/31/14 4:00,FALSE,FALSE,FALSE
4282,Lost,Internet,1,8/1/14 11:44,4/25/24 1:33,Truecar/Truecar,Elizabeth Houston,Lemus,Randall Green,Eyceoz,,hlane@gomez.org,barbara76@moon.com,2024,Honda,Accord Hybrid,,,,FALSE,FALSE,FALSE
4282,Active,Internet,1,8/18/14 13:05,4/18/24 16:31,Cargurus,Anthony Ruiz,Perez,Mark Estrada,Dilibero,,dennis92@gomez.org,dennis92@gomez.org,2022,Honda,CR-V,2HKRW2H5XNH606756,4H1186S1,,FALSE,FALSE,FALSE
4282,Bad,Internet,1,10/5/14 19:19,4/27/24 15:26,Dealer Inspire Credit App:Partial,Elizabeth Houston,Lemus,John Cervantes,Parrish,Ann,froberts@johnson.com,froberts@johnson.com,,,,,,,FALSE,FALSE,FALSE
4282,Active,Internet,1,2/12/15 18:59,4/25/24 19:58,Edmunds,Anthony Ruiz,Perez,Laura Rocha,Shen,,johnharrington@gomez.org,,2024,Honda,CR-V,,,,FALSE,FALSE,FALSE
4282,Active,Internet,1,4/7/15 22:53,4/24/24 1:52,Edmunds,Leslie Herring,Vaz,Brian Rodriguez,Baribeault,,wendyray@gomez.org,,2024,Honda,CR-V,,,,FALSE,FALSE,FALSE
4282,Sold,Internet,1,4/18/15 14:46,11/14/22 14:06,Honda Dealer Assoc Ahm,Emily Blair,Alhado,Zachary Adams,Pao,,hsimmons@gomez.org,,2021,Honda,Ridgeline,5FPYK3F18MB013608,3H057-1,11/18/22 20:29,FALSE,FALSE,FALSE
4282,Sold,Phone,3,7/14/15 19:51,4/18/24 15:52,Service Drive,Frederick Harrell,Desrochers,Michael Lee,Clark,Lynn,stephanie00@wyatt.com,gonzalezcody@johnston-roberts.com,2024,Honda,CR-V,7FARS4H44RE020822,4H1186S,4/18/24 17:07,FALSE,TRUE,FALSE
4282,Sold,Internet,1,9/3/15 20:15,4/27/24 13:52,Truecar/Seiu Member Benefits,Theresa Mays,Marinos,Lindsay Klein,Sanchez,Eduardo,wilkersontyler@moon.com,,2024,Honda,HR-V,3CZRZ2H58RM768662,4H507S,4/27/24 18:09,FALSE,FALSE,FALSE
4282,Active,Internet,1,9/14/15 14:11,4/27/24 11:40,Capital One,Elizabeth Houston,Lemus,Sara Anderson,Leigh,,james56@johnston-roberts.com,,2024,Honda,CR-V Hybrid,2HKRS6H58RH812117,4H1263,,FALSE,FALSE,FALSE
4282,Bad,Phone,3,9/14/15 23:31,4/24/24 13:12,Repeat Customer,Anthony Ruiz,Perez,Joanne Keller,Lane,M,michelleallen@johnston-roberts.com,,,,,,,,FALSE,FALSE,FALSE
4282,Active,Internet,1,9/29/15 16:45,4/26/24 14:22,Podium - Webchat,Suzanne Thomas,Espinosa,Nancy Collins,Rivera,,,,,,,,,,FALSE,FALSE,FALSE
4282,Lost,Phone,3,12/10/15 19:20,7/12/23 15:52,Service Drive,Leslie Herring,Vaz,Tammy Peters,Perez,,shawnharris@gomez.org,morenochristine@gomez.org,,,,,,,FALSE,FALSE,FALSE
4282,Bad,Internet,1,5/18/16 16:41,4/27/24 2:32,EDMUNDS TRADE IN,Elizabeth Houston,Lemus,Jeremy Carroll,Michaud,,fcarroll@gomez.org,,1900,None,None,,,,FALSE,FALSE,FALSE
4282,Lost,Phone,3,6/25/16 16:53,6/25/16 16:53,Google Page,Jessica Thompson,Ferreira,Kelly Peters,Garrett,,zlane@johnston-roberts.com,,2017,Honda,Ridgeline,,,,FALSE,TRUE,FALSE
4282,Sold,Internet,1,10/22/16 15:08,10/22/16 15:08,Truecar/Truecar,Benjamin Shelton,Moronta,Jennifer Collier,Li,,jacksonlori@johnston-roberts.com,jacksonlori@johnston-roberts.com,2016,Honda,Civic,19XFC2F78GE249651,6H1932,10/27/16 4:00,FALSE,FALSE,FALSE
4282,Active,Internet,1,11/20/16 19:34,4/25/24 2:14,Hds Program Lead - Get E-Price,Elizabeth Houston,Lemus,John Smith,Isaac,,lesliehowell@johnston-roberts.com,,2024,Honda,Accord Hybrid,1HGCY2F62RA038268,4H893,,FALSE,FALSE,FALSE
4282,,,,12/10/16 21:06,,,Benjamin Shelton,Moronta,Stephanie Hoover,Patel.,,,,,,,,,,FALSE,FALSE,FALSE
4282,Sold,Internet,1,12/27/16 15:57,4/25/24 19:44,Edmunds,Emily Blair,Alhado,Brian Scott,Gioia,,salvarado@johnston-roberts.com,,2024,Honda,Ridgeline,5FPYK3F59RB005544,4H1184SS,4/27/24 16:51,FALSE,FALSE,FALSE
4282,Active,Internet,1,1/16/17 17:11,3/30/24 22:20,EDMUNDS TRADE IN,Anthony Ruiz,Perez,Brian Rodriguez,Zarrella,L,richardrichards@gomez.org,,1900,None,None,,,,FALSE,FALSE,FALSE
4282,,,,4/6/17 16:27,,,Theresa Mays,Marinos,Kelly Haynes,Lynch,,jennifermiller@johnston-roberts.com,jennifermiller@johnston-roberts.com,,,,,,,FALSE,TRUE,FALSE
4282,Active,Internet,1,4/22/17 23:18,3/23/24 21:15,Hds Program Lead - Get E-Price,Benjamin Shelton,Moronta,James Phillips,Dzwil,,ufox@johnston-roberts.com,,2024,Honda,CR-V,2HKRS4H73RH483137,4H1223,,FALSE,FALSE,FALSE
4282,Sold,Walk-in,2,4/24/17 15:51,11/16/23 17:30,AMP - Opportunity List,Jeremy Wood,Torra,Benjamin Taylor,Timmons,Place,kimberly57@johnston-roberts.com,kathleen81@faulkner-howard.com,2023,Honda,Pilot,5FNYG1H74PB057593,3H1003,11/16/23 18:01,FALSE,FALSE,FALSE
4282,Active,Walk-in,2,6/13/17 14:36,4/23/24 18:53,Repeat Customer,Michael Ellis,Genao,Austin Phillips,Mendes,Ornelas,pamelamanning@estes.com,,2024,Honda,Accord Hybrid,1HGCY2F78RA051650,4H1179,,FALSE,FALSE,FALSE
4282,Active,Internet,1,6/13/17 17:59,4/23/24 16:53,Cargurus,Anthony Ruiz,Perez,Nancy Garrison,Kattar,,davisashley@martinez.com,davisashley@martinez.com,2023,Honda,Passport,5FNYF8H58PB044064,AZ6392,,FALSE,FALSE,FALSE
4282,Sold,Walk-in,2,6/17/17 14:00,6/17/17 14:00,Location,Frederick Harrell,LeDuc,Jonathan Noble,Bourassa,N,turnerjonathan@gomez.org,,2017,Honda,CR-V,2HKRW2H85HH632194,7H1076S,6/30/17 14:32,FALSE,FALSE,FALSE
4282,,,,9/25/17 19:53,,,Jessica Thompson,Ferreira,Terri Smith,Oh,,elizabethmiller@johnston-roberts.com,,,,,,,,FALSE,FALSE,FALSE
4282,Sold,Internet,1,10/11/17 6:42,10/11/17 6:42,Dealer Inspire,Francisco Romero,Pena,Paul Phillips,Timmons,J,jasminewatkins@johnston-roberts.com,,2017,Honda,CR-V,5J6RW2H56HL072746,7H1596,10/16/17 16:45,FALSE,FALSE,FALSE
4282,Sold,Internet,1,10/22/17 22:00,10/22/17 22:00,Truecar/Truecar,John Lamb,Perez,Shannon Jones,Carroll,R,thomasknight@johnston-roberts.com,,2017,Honda,CR-V,5J6RW2H85HL078998,7H1645,10/28/17 17:20,FALSE,FALSE,FALSE
4282,Active,Internet,1,11/4/17 22:17,4/25/24 1:58,"Carfax, Inc",Elizabeth Houston,Lemus,Victoria Delgado,Vazquez,,savagealexandra@gomez.org,,2021,Honda,Pilot,5FNYF6H24MB006661,4H1064-1,,FALSE,FALSE,FALSE
4282,Sold,Phone,3,11/22/17 16:30,1/5/23 19:17,Service Drive,Frederick Harrell,Desrochers,Jeremy Carroll,Liadis,A,dhutchinson@johnston-roberts.com,john14@lopez.com,2023,Honda,Passport,5FNYF8H6XPB002889,3H134,1/18/23 21:32,FALSE,TRUE,FALSE
4282,Active,Phone,3,12/11/17 16:39,4/26/24 19:53,Service Drive,Leslie Herring,Vaz,Mr. Michael Mccullough,Patel,,ryandurham@johnston-roberts.com,kristenwilkins@johnston-roberts.com,,,,,,,FALSE,FALSE,FALSE
4282,Sold,Phone,3,1/14/18 18:41,9/14/20 19:34,Auto Alert,Emily Blair,Alhado,Richard Gordon,Tesini,A,anthony21@johnston-roberts.com,,2018,Honda,Odyssey,5FNRL6H5XJB073980,1H123-1,12/31/20 16:54,FALSE,FALSE,FALSE
4282,Sold,PreviousCustomer,10,1/29/18 21:29,4/22/23 17:46,Auto Alert,Emily Blair,Alhado,Benjamin Taylor,Lazu,,robinsonjanet@johnston-roberts.com,,2020,Honda,Accord,1HGCV1F10LA055780,LB6123,4/22/23 20:21,FALSE,TRUE,FALSE
4282,Sold,Internet,1,4/4/18 16:07,4/4/18 16:07,Dealer Inspire,Michael Ellis,Genao,Victor Serrano,Bento,Tyler,paulclark@johnston-roberts.com,,2018,Honda,HR-V,3CZRU6H34JM721024,8H829,4/7/18 14:34,FALSE,TRUE,FALSE
4282,Sold,Internet,1,4/9/18 22:02,4/9/18 22:02,Dealer Inspire - Conversations,Michael Ellis,Genao,Curtis Gill,Jayaprakash,,thomasjenkins@johnston-roberts.com,thomasjenkins@johnston-roberts.com,2018,Honda,CR-V,2HKRW6H36JH209397,8H1005,6/23/18 19:10,FALSE,TRUE,FALSE
4282,Lost,Internet,1,4/30/18 13:30,4/24/24 22:28,Truecar/Truecar,Heather Welch,Buonopane,Stephanie Mosley,Alcantara,,williamsjulie@johnston-roberts.com,,2024,Honda,HR-V,,,,FALSE,FALSE,FALSE
4282,Sold,Walk-in,2,5/16/18 21:08,4/15/14 16:00,Referral,Francisco Romero,Pena,David Singh,Hoey,Marie,eric44@johnston-roberts.com,,2014,Honda,Pilot,5FNYF4H99EB033163,4H178SS,4/15/14 4:00,FALSE,TRUE,FALSE
4282,Sold,Walk-in,2,5/28/18 19:07,5/28/18 19:07,Location,Michael Ellis,Genao,Jennifer Allen,Lara,R,jadegutierrez@johnston-roberts.com,,2018,Honda,Accord,1HGCV1F31JA095400,8H583,5/28/18 20:07,FALSE,FALSE,FALSE
4282,Sold,Walk-in,2,7/7/18 15:18,4/20/21 18:08,Referral,Michael Ellis,Genao,Kaitlin Gregory,Pacheco,,richardcampbell@moon.com,,2021,Honda,CR-V,2HKRW2H99MH640916,1H727,4/20/21 20:04,FALSE,TRUE,FALSE
4282,Lost,Internet,1,8/16/18 20:27,10/13/20 18:05,BlackBookOnline,Theresa Mays,Marinos,Gary Gill,Crockett,,garywilliams@wyatt.com,,2020,Honda,Civic Si,,,,FALSE,FALSE,FALSE
4282,Sold,Phone,3,10/17/18 18:29,7/23/23 15:14,Atamian Honda Website,Jonathan Williams,Holder,Stephanie Jacobs,Jain,,robertsmakayla@johnston-roberts.com,,2023,Honda,Accord Hybrid,1HGCY2F64PA057014,3H934,7/31/23 21:15,FALSE,FALSE,FALSE
4282,,,,10/31/18 14:09,,,Theresa Mays,Marinos,Benjamin Taylor,Champigny,,debbiewilliams@johnston-roberts.com,,,,,,,,FALSE,FALSE,FALSE
4282,Sold,Internet,1,12/16/18 17:26,10/16/21 16:33,Hds Program Lead,Theresa Mays,Marinos,Ryan Wood,Zhao,,iperez@johnston-roberts.com,madisonolson@moon.com,2021,Honda,CR-V,2HKRW2H89MH677049,1H1375,10/18/21 23:23,FALSE,FALSE,FALSE
4282,Sold,Walk-in,2,2/16/19 20:19,2/16/19 20:19,Location,Jerome Page,Matevosyan,James Phillips,Kenny,J,jennifergeorge@gomez.org,,2016,Honda,Pilot,5FNYF6H5XGB041218,JC5135L,2/16/19 21:11,FALSE,FALSE,FALSE
4282,,,,2/26/19 10:09,,,Frederick Harrell,LeDuc,Antonio Decker,Soer,,ericareyes@johnston-roberts.com,,,,,,,,FALSE,FALSE,FALSE
4282,Bad,Internet,1,4/27/19 14:35,4/27/24 17:43,Dealer Inspire Credit App:Partial,Anthony Ruiz,Perez,Richard Rose,Yang,,greenbrent@johnston-roberts.com,,,,,,,,FALSE,FALSE,FALSE
4282,Active,Phone,3,4/28/19 23:27,4/24/24 14:48,Service Drive,Frederick Harrell,LeDuc,James Phillips,Murray,,triciahurley@webb-brown.com,briannarojas@bryant-hopkins.com,2024,Honda,Accord Sedan,1HGCY1F36RA041612,4H1102,,FALSE,TRUE,FALSE
4282,Lost,Walk-in,2,5/14/19 0:53,9/25/21 18:32,Location,Emily Blair,Alhado,Steven Hill,Marais,,millerrobert@stark.org,jared53@stark.org,2022,Honda,Pilot,5FNYF6H25NB010915,2H092,,FALSE,FALSE,FALSE
4282,Sold,Walk-in,2,5/14/19 16:24,5/14/19 16:24,Location,Michael Ellis,Genao,John Myers,Mirembe-Johnson,,jerrypetersen@johnston-roberts.com,,2016,Honda,CR-V,5J6RM4H77GL038767,9H805-1,5/21/19 19:35,FALSE,FALSE,FALSE
4282,Sold,Phone,3,6/4/19 0:02,10/15/20 20:06,Auto Alert,Ronald Garcia,Calcano,Brittney Thompson,Velazquez,A,bwashington@johnston-roberts.com,,2020,Honda,Accord,1HGCV1F39LA139999,0H1345,10/17/20 16:00,FALSE,FALSE,FALSE
4282,Sold,Walk-in,2,6/17/19 16:31,6/17/19 16:31,Location,Ronald Garcia,Calcano,Aaron Perez,Sok,,dthompson@black.biz,,2019,Honda,HR-V,3CZRU6H34KG722447,9H960,6/17/19 18:53,FALSE,TRUE,FALSE
4282,Sold,Internet,1,6/18/19 16:05,6/18/19 16:05,Repeat Customer,Frederick Harrell,Desrochers,Brett Harper,Quinton,N,harrismanuel@johnston-roberts.com,,2019,Honda,HR-V,3CZRU6H58KM719277,9H792,6/18/19 21:02,FALSE,FALSE,FALSE
4282,Lost,Phone,3,7/18/19 1:38,12/16/23 21:01,Service Drive,Leslie Herring,Vaz,Lawrence Mason,Conboy,,,,,,,,,,FALSE,FALSE,FALSE
4282,Active,Internet,1,8/5/19 17:33,4/25/24 23:04,Capital One,Anthony Ruiz,Perez,Karen Stephens,Liquet,O,deanna54@johnston-roberts.com,,2020,Toyota,4Runner,JTEBU5JR1L5824633,AZ6357,,FALSE,FALSE,FALSE
4282,Sold,Phone,3,9/7/19 21:32,10/17/23 14:10,Lease End Conquest,Frederick Harrell,LeDuc,Richard Gordon,Lawlor,E,nelsondonna@johnston-roberts.com,,2023,Honda,Passport,5FNYF8H66PB041656,3H1034,10/27/23 15:16,FALSE,FALSE,FALSE
4282,Lost,Phone,3,9/16/19 19:56,9/22/22 22:58,Service Drive,Francisco Romero,Pena,Brian Rodriguez,Sirois,,powelladam@johnston-roberts.com,wendy23@wyatt.com,2022,Honda,Passport,5FNYF8H54NB019157,2H996,,FALSE,FALSE,FALSE
4282,Sold,Internet,1,10/3/19 0:48,10/3/19 0:48,Dealer Inspire,Jonathan Williams,Holder,Tammy Romero,Shah,,lisamcdaniel@johnston-roberts.com,,2019,Honda,HR-V,3CZRU6H51KM741461,9H1602,11/22/19 15:03,FALSE,FALSE,FALSE
4282,Sold,Phone,3,10/4/19 22:23,9/16/20 23:44,Atamian Honda Website,Frederick Harrell,Desrochers,Brenda Nelson,Goyette,,isabelguerrero@faulkner-howard.com,,2020,Honda,CR-V,2HKRW2H59LH677010,0H1252,9/18/20 17:20,FALSE,FALSE,FALSE
4282,Bad,Internet,1,11/29/19 17:05,3/7/24 17:53,EDMUNDS TRADE IN,Heather Welch,Buonopane,Kelly Peters,Tremblay,,christophercole@moreno.com,,1900,None,None,,,,FALSE,FALSE,FALSE
4282,Active,Walk-in,2,11/30/19 20:58,4/6/24 20:45,Atamian Website Sales,Ronald Garcia,Calcano,David Mckenzie,Sakunala,Kumari,robertcalhoun@gomez.org,,2024,Honda,CR-V Hybrid,2HKRS6H83RH813153,4H1100SS,,FALSE,FALSE,FALSE
4282,Sold,Phone,3,12/4/19 15:01,1/15/22 14:34,Service Drive  Auto Alert,Ronald Garcia,Calcano,Cathy Washington,Feliciano,,bgiles@gomez.org,bgiles@gomez.org,2022,Honda,HR-V,3CZRU6H16NM741456,2H370,1/18/22 15:48,FALSE,FALSE,FALSE
4282,,,,3/6/20 20:29,,,Jonathan Williams,Holder,Kristen Stone,Lynch,,debra23@johnston-roberts.com,,,,,,,,FALSE,TRUE,FALSE
4282,,,,5/5/20 18:27,,,Jonathan Williams,Holder,Mark Morgan,Podlejski,,jacqueline00@faulkner-howard.com,,,,,,,,FALSE,FALSE,FALSE
4282,Lost,Internet,1,6/13/20 12:14,6/13/20 12:14,Edmunds,Theresa Mays,Marinos,Cody Andrews,Machado,,wgreen@wyatt.com,,2020,Honda,Passport,5FNYF8H90LB007345,0H539,,FALSE,FALSE,FALSE
4282,Bad,Internet,1,6/16/20 22:21,4/25/24 20:54,EDMUNDS TRADE IN,Anthony Ruiz,Perez,Nicholas Chavez,Ernst,,burtontamara@johnston-roberts.com,,1900,None,None,,,,FALSE,FALSE,FALSE
4282,,,,6/18/20 16:36,,,Jerome Page,Matevosyan,Jason House,Pickett,,dwells@johnston-roberts.com,,,,,,,,FALSE,FALSE,FALSE
4282,Lost,Phone,3,7/12/20 19:35,5/12/23 16:45,Auto Alert,Francisco Romero,Pena,James Bennett,Rivera Santiago,,james47@johnston-roberts.com,,,,,,,,FALSE,TRUE,FALSE
4282,,,,8/7/20 20:25,,,Jonathan Williams,Holder,Mrs. Angela Allen,Cannizzaro,,timothystrong@gomez.org,,,,,,,,FALSE,FALSE,FALSE
4282,Lost,Internet,1,8/12/20 16:00,8/2/20 0:12,Edmunds Carcode,Frederick Harrell,LeDuc,Katrina Johnson,Awiszus,T,,,2014,Honda,Accord,1HGCR2F35EA041162,0H545-1,,FALSE,FALSE,FALSE
4282,Sold,Internet,1,8/13/20 15:34,1/25/12 23:18,Vinsolutions - Contact Us,Frederick Harrell,LeDuc,Tom Olson,Berrios,,brandonramirez@wyatt.com,tammy29@moreno.com,2012,Honda,Civic,2HGFB2F59CH327226,2H431,1/26/12 5:00,FALSE,TRUE,FALSE
4282,Sold,Walk-in,2,8/13/20 15:49,4/24/16 16:08,Referral,Norma Fisher,Ramey,Kara Moses,Patel,,bsanchez@moon.com,,2016,Honda,Odyssey,5FNRL5H63GB096027,6H217S,4/24/16 4:00,FALSE,FALSE,FALSE
4282,Sold,Walk-in,2,8/24/20 18:17,11/30/21 18:11,Repeat Customer,Frederick Harrell,Desrochers,Benjamin Taylor,Berard,Doris,samanthapierce@wyatt.com,sabrinasullivan@wyatt.com,2020,Honda,Pilot,5FNYF6H58LB067987,2H104-1,11/30/21 19:40,FALSE,FALSE,FALSE
4282,Sold,Walk-in,2,8/24/20 18:40,3/19/21 20:34,Referral,Frederick Harrell,LeDuc,Lisa Baker,Le-Sampedro,Lan Chi,daniel55@gomez.org,,2021,Honda,CR-V,2HKRW2H92MH609099,1H340,3/19/21 21:00,FALSE,FALSE,FALSE
4282,Lost,Phone,3,8/25/20 1:00,4/30/24 13:49,Service Drive,Jonathan Williams,Holder,Victor Serrano,Flanders,A,nwade@johnston-roberts.com,,2024,Honda,Accord Hybrid,1HGCY2F62RA038268,4H893,,FALSE,FALSE,FALSE
4282,Lost,Phone,3,8/25/20 19:59,4/29/24 19:54,Service Drive,Anthony Ruiz,Perez,Michael Klein,Nelson,,,,,,,,,,FALSE,FALSE,FALSE
4282,Sold,Internet,1,8/27/20 0:24,6/4/20 14:51,Edmunds,Frederick Harrell,LeDuc,Michelle Murphy,Patel,Dhirubhai,jenniferbrennan@johnston-roberts.com,jenniferbrennan@johnston-roberts.com,2020,Honda,Accord,1HGCV1F17LA055601,0H416,6/28/20 21:17,FALSE,FALSE,FALSE
4282,Active,Internet,1,8/27/20 0:29,4/25/24 21:26,Capital One,Anthony Ruiz,Perez,Albert Martin,Voorhees,,cindycooper@johnston-roberts.com,cindycooper@johnston-roberts.com,2024,Honda,HR-V,3CZRZ2H51RM703734,4H021,,FALSE,FALSE,FALSE
4282,Bad,Phone,3,9/3/20 0:16,8/3/22 12:34,Service Drive,Jeremy Wood,Torra,Rita Cooper,Ponkshe,,vsalas@johnston-roberts.com,,,,,,,,FALSE,FALSE,FALSE
4282,,,,9/6/20 19:46,,,Jerome Page,Matevosyan,Jennifer Cardenas,Triplett,,bookermegan@johnston-roberts.com,bookermegan@johnston-roberts.com,,,,,,,FALSE,FALSE,FALSE
4282,Lost,Internet,1,9/18/20 21:00,9/16/20 0:01,Cargurus,Francisco Romero,Pena,Theresa Mays,Geannaris,J,,,2018,Hyundai,Tucson,KM8J3CA40JU625311,0H1151-1,,FALSE,FALSE,FALSE
4282,Sold,Walk-in,2,12/3/20 18:23,5/17/22 17:14,Repeat Customer,Jeremy Wood,Torra,Scott Campbell,Howard,John,,,2022,Honda,CR-V,7FARW2H81NE027491,2H885,6/1/22 18:30,FALSE,FALSE,FALSE
4282,Lost,Phone,3,12/16/20 18:02,4/25/24 22:36,AMP - Discuss Lease End,Jerome Page,Matevosyan,Tracey Peterson,Beauregard,Anne,mary28@stark.org,,,,,,,,FALSE,TRUE,FALSE
4282,Sold,Walk-in,2,1/3/21 17:40,1/3/21 17:40,Location,Frederick Harrell,LeDuc,James Woodard,Sousa,Manuel,fgardner@rosales-thompson.info,,2020,Honda,Ridgeline,5FPYK3F53LB029183,0H1572,1/3/21 18:30,FALSE,FALSE,FALSE
4282,Sold,Walk-in,2,1/17/21 18:46,1/17/21 18:46,Atamian Website Sales,Ronald Garcia,Calcano,Henry Reeves,Wescott,Judith,jason14@johnston-roberts.com,,2017,Honda,CR-V,2HKRW6H34HH207383,0H1432-1,1/17/21 20:12,FALSE,FALSE,FALSE
4282,Sold,Phone,3,1/18/21 20:44,1/18/21 20:44,Google Page,Frederick Harrell,LeDuc,Darlene Garcia,Andrews,M,andrea58@johnston-roberts.com,,2020,Honda,CR-V,2HKRW2H55LH693043,0H1531,1/18/21 23:31,FALSE,FALSE,FALSE
4282,Bad,Internet,1,2/1/21 20:42,4/5/24 12:26,EDMUNDS TRADE IN,Elizabeth Houston,Lemus,Laura Myers,Winn,Ethel,linda60@faulkner-howard.com,stephenromero@randolph.com,1900,None,None,,,,FALSE,FALSE,FALSE
4282,Sold,Phone,3,2/15/21 21:21,4/9/24 21:26,Repeat Customer,Frederick Harrell,Desrochers,Paul Gonzalez,Delisi,,bailey91@johnston-roberts.com,,2020,Nissan,Rogue Sport,JN1BJ1CWXLW366743,AZ6370,4/20/24 20:00,FALSE,FALSE,FALSE
4282,Sold,Phone,3,3/11/21 22:06,2/24/23 17:44,Service Drive,Jonathan Williams,Holder,Marcus Garcia,Lopez,,robinsonmichael@johnston-roberts.com,,2023,Honda,CR-V,7FARS4H49PE007755,3H338,3/1/23 20:40,FALSE,FALSE,FALSE
4282,Bad,Internet,1,4/6/21 15:58,4/25/24 3:11,Dealer Inspire Credit App:Partial,Leslie Herring,Vaz,Elizabeth Houston,Martir,,hernandeztimothy@moreno.com,,,,,,,,FALSE,FALSE,FALSE
4282,Sold,Walk-in,2,4/26/21 14:03,3/30/24 19:49,Service Drive,Michael Ellis,Genao,Joyce Kent,Corza Garcia,,paulhall@johnston-roberts.com,,2024,Honda,Civic,19XFL2H8XRE019070,4H996,3/30/24 21:48,FALSE,FALSE,FALSE
4282,,,,5/3/21 15:46,,,Ronald Garcia,Calcano,Kyle Reed,Amiri,,finleypaul@andrade.com,,,,,,,,FALSE,FALSE,FALSE
4282,Active,Internet,1,5/6/21 18:25,1/11/24 20:51,Hds Program Lead - Get E-Price,Emily Blair,Alhado,Michael Guerra,Mahan,V,nancy60@gomez.org,,2024,Honda,Civic Sedan,2HGFE1F95RH315815,4H546,,FALSE,FALSE,FALSE
4282,Sold,Walk-in,2,5/10/21 12:34,9/25/23 22:18,Google Page,Ronald Garcia,Calcano,Curtis Murphy,Vasquez Serrata,B,jeremymalone@johnston-roberts.com,,2017,Honda,CR-V,2HKRW6H30HH208806,4H177-1,9/25/23 23:45,FALSE,FALSE,FALSE
4282,Sold,Phone,3,5/10/21 17:04,5/18/23 19:17,Repeat Customer,John Lamb,Perez,Anna Castillo,Shepard,Anne,langerica@johnston-roberts.com,morganjanet@gomez.org,2023,Honda,Passport,5FNYF8H6XPB018042,3H335S,5/19/23 15:24,FALSE,FALSE,FALSE
4282,Active,Walk-in,2,5/14/21 14:51,4/23/24 16:20,Repeat Customer,Frederick Harrell,LeDuc,Brian Garcia,Lopez,,sierrameza@johnston-roberts.com,michelle83@johnston-roberts.com,2020,Honda,CR-V,2HKRW2H53LH675043,4H990-1,,FALSE,FALSE,FALSE
4282,Sold,Phone,3,5/21/21 21:25,5/18/21 21:52,Referral,Ronald Garcia,Calcano,Rachel Branch,Murray,,kimberly38@moreno.com,,2019,Honda,Civic,2HGFC2F87KH538964,1H172-1,5/19/21 23:30,FALSE,FALSE,FALSE
4282,,,,5/24/21 20:38,,,Jonathan Williams,Holder,Robert Miller,Moorehead,,lyoung@gomez.org,lyoung@gomez.org,,,,,,,FALSE,TRUE,FALSE
4282,Sold,Walk-in,2,5/24/21 22:35,4/27/24 19:10,Repeat Customer,Michael Ellis,Genao,Philip Matthews,Batista Espinal,,elizabeth30@johnston-roberts.com,,2024,Honda,CR-V Hybrid,2HKRS6H57RH811749,4H1191,4/28/24 18:56,FALSE,FALSE,FALSE
4282,,,,5/28/21 20:49,,,Benjamin Shelton,Moronta,Melissa Blackburn,Dimanche,,chelsea36@gomez.org,,,,,,,,FALSE,FALSE,FALSE
4282,Active,Phone,3,5/31/21 15:33,11/3/23 14:43,Service Drive,Benjamin Shelton,Moronta,Linda Hodges,Khun,Avee,tylerclark@johnston-roberts.com,,2020,Honda,Accord Sedan,1HGCV1F35LA157304,4H176S-2,,FALSE,FALSE,FALSE
4282,Sold,Internet,1,6/2/21 16:34,5/15/16 1:12,Truecar/Truecar,Elizabeth Houston,Lemus,Paul Butler,Thach,,joannasmith@johnston-roberts.com,cbaker@johnston-roberts.com,2016,Honda,Accord,1HGCR2F53GA180226,6H1031,5/15/16 4:00,FALSE,FALSE,FALSE
4282,Sold,Walk-in,2,6/3/21 17:25,4/27/24 15:38,Atamian Honda Website,Jerome Page,Matevosyan,Richard Pham,Speciale,Keatley,burkejessica@johnston-roberts.com,,2024,Honda,HR-V,3CZRZ2H71RM773851,4H1096,4/27/24 17:19,FALSE,FALSE,FALSE
4282,Active,Phone,3,6/17/21 16:52,7/6/23 20:23,Service Drive,Leslie Herring,Vaz,Samantha Dorsey,Molina,,kcolon@gomez.org,,,,,,,,FALSE,FALSE,FALSE
4282,Sold,Walk-in,2,6/27/21 18:04,4/23/24 19:52,Location,Benjamin Shelton,Moronta,Stephanie Deleon,Path,B,michellewilliams@gomez.org,woneal@johnston-roberts.com,2024,Honda,CR-V,2HKRS4H23RH471543,4H1071,4/23/24 21:44,FALSE,FALSE,FALSE
4282,Sold,Walk-in,2,6/27/21 18:19,2/15/23 20:54,Repeat Customer,Frederick Harrell,Desrochers,Gina Taylor,Viera,,davidkelly@johnston-roberts.com,,2022,Honda,Accord,1HGCV1F36NA065461,2H1016-1,2/15/23 21:54,FALSE,FALSE,FALSE
4282,Sold,Walk-in,2,6/28/21 18:12,5/19/23 21:10,Location,Emily Blair,Alhado,Gregory Davila,Desravines,,brenda68@johnston-roberts.com,,2023,Honda,Pilot,5FNYG1H49PB031044,3H707S,5/19/23 22:22,FALSE,FALSE,FALSE
4282,Lost,Phone,3,6/29/21 14:34,10/25/23 15:57,Service Drive,Frederick Harrell,LeDuc,Joyce Kent,Torres Rivera,,sarah45@johnston-roberts.com,,,,,,,,FALSE,FALSE,FALSE
4282,Lost,Phone,3,7/5/21 19:32,11/14/23 22:17,Service Drive,Ronald Garcia,Calcano,Kristy Rodriguez,Mwaura,,odavis@johnston-roberts.com,,,,,,,,FALSE,FALSE,FALSE
4282,,,,7/15/21 1:39,,,Jonathan Williams,Holder,Jeremy Patterson,Ballovar,,angelakelley@gomez.org,,,,,,,,FALSE,FALSE,FALSE
4282,Lost,Internet,1,7/16/21 0:35,4/26/24 15:10,EDMUNDS TRADE IN,Anthony Ruiz,Perez,Michael Kennedy,Claudio,,victoria98@johnston-roberts.com,victoria98@johnston-roberts.com,1900,None,None,,,,FALSE,FALSE,FALSE
4282,Sold,Phone,3,7/21/21 13:31,8/10/23 15:44,Repeat Customer,Frederick Harrell,Desrochers,Rachel Moore,Polleys,Andrew,clarkcameron@stark.org,,2019,Jeep,Cherokee,1C4PJMDXXKD408852,3H459-1,8/10/23 16:02,FALSE,FALSE,FALSE
4282,Active,Phone,3,7/22/21 19:00,9/1/23 19:01,Service Drive,Jessica Thompson,Ferreira,Jamie Sanders,Maia,R,ujohnson@johnston-roberts.com,,2023,Honda,Passport,5FNYF8H59PB033607,3H994,,FALSE,FALSE,FALSE
4282,Lost,Phone,3,9/21/21 19:14,9/15/23 18:19,Service Drive,Jonathan Williams,Holder,Jeffrey Williams,Vilchis,,tiffanymurray@moore.com,,2024,Honda,CR-V Hybrid,7FARS6H95RE002692,4H044,,FALSE,FALSE,FALSE
4282,Active,Walk-in,2,10/12/21 15:08,4/27/24 19:16,Atamian Honda Website,Jeremy Wood,Torra,Debbie Trujillo,Faria Trindade De Assis,Julya,wheelermichael@moon.com,,2024,Honda,Civic Sedan,2HGFE2F56RH576387,4H1212,,FALSE,FALSE,FALSE
4282,Sold,Walk-in,2,11/18/21 0:42,4/13/22 22:29,Service,Emily Blair,Alhado,Stephanie Meza,Sequeira,J,tblackburn@wyatt.com,,2022,Honda,Accord,1HGCV2F90NA008814,2H722S,4/13/22 23:19,FALSE,FALSE,FALSE
4282,Sold,PreviousCustomer,10,11/20/21 18:58,11/27/23 16:16,Atamian Honda Website,Benjamin Shelton,Moronta,Stacy Walker,Arias,,lflores@johnston-roberts.com,,2019,Honda,CR-V,2HKRW2H58KH673920,4H335-1,11/27/23 18:07,FALSE,FALSE,FALSE
4282,Sold,Walk-in,2,12/20/21 14:40,12/20/21 14:40,Location,Frederick Harrell,Desrochers,Frederick Harrell,Doherty,,,,2022,Honda,CR-V,2HKRW2H87NH611441,2H211S,12/20/21 15:37,FALSE,FALSE,FALSE
4282,,,,12/26/21 18:41,,,Theresa Mays,Marinos,Sarah Ryan,Hernandez,,,,,,,,,,FALSE,FALSE,FALSE
4282,Active,Internet,1,1/19/22 18:43,4/25/24 20:54,EDMUNDS TRADE IN,Anthony Ruiz,Perez,Stacy Garcia,Pantaleon,Gephtie,zrose@johnston-roberts.com,ccarter@johnston-roberts.com,1900,None,None,,,,FALSE,FALSE,FALSE
4282,,,,1/24/22 15:14,,,Jerome Page,Matevosyan,Amanda Graham,Roberts,,paul12@stark.org,,,,,,,,FALSE,FALSE,FALSE
4282,Sold,Internet,1,2/6/22 0:26,2/6/22 0:26,Get E-Price - Hds Program Lead,John Lamb,Perez,Margaret Moore,Hall,L,lwashington@gomez.org,,2022,Honda,Pilot,5FNYF6H27NB034679,2H478,2/6/22 20:09,FALSE,FALSE,FALSE
4282,,,,2/17/22 21:16,,,Elizabeth Houston,Lemus,Natalie Bush,Tavares,,david98@johnston-roberts.com,,,,,,,,FALSE,FALSE,FALSE
4282,Lost,Internet,1,2/21/22 19:44,2/21/22 19:44,Blackbook,Jeremy Wood,Torra,Matthew Ramos,Yoeuth,,angelaharrison@johnston-roberts.com,,2021,Honda,Civic,,,,FALSE,FALSE,FALSE
4282,Sold,Walk-in,2,2/21/22 22:37,2/21/22 22:37,Location,Michael Ellis,Genao,Teresa Bird,Gallardo Barrera,,kelly10@johnston-roberts.com,,2018,Honda,CR-V,5J6RW2H5XJL007906,2H487-1,2/21/22 23:26,FALSE,FALSE,FALSE
4282,Lost,Phone,3,3/15/22 22:50,2/17/23 21:15,Service Drive,Anthony Ruiz,Perez,Jeffery Wu III,Fournelle,,wilkinsmartha@johnston-roberts.com,ihenderson@campos-riley.com,,,,,,,FALSE,FALSE,FALSE
4282,Active,Internet,1,3/25/22 17:47,1/22/24 1:23,Honda Website,John Lamb,Perez,Katrina Johnson,Ryan,F,christy11@gomez.org,jacobhill@johnston-roberts.com,1900,None,None,,,,FALSE,FALSE,FALSE
4282,Sold,Internet,1,3/30/22 11:08,3/30/22 11:08,BlackBookOnline,Frederick Harrell,Desrochers,Anthony Lee,Baker,Anne,vicki82@wyatt.com,whiterichard@sullivan.com,2019,Honda,Passport,5FNYF8H59KB027766,2H514-1,3/30/22 19:22,FALSE,TRUE,FALSE
4282,Sold,Internet,1,4/3/22 19:01,4/2/22 14:13,Referral,Ronald Garcia,Calcano,Michael Norris,Oeun,,torrespatrick@johnston-roberts.com,,2019,Honda,HR-V,3CZRU6H39KM728794,2H612S-2,4/2/22 17:12,FALSE,FALSE,FALSE
4282,Sold,Walk-in,2,4/19/22 13:19,5/30/16 16:30,Repeat Customer,Michael Ellis,Genao,James Phillips,Coleman,L,fbates@faulkner-howard.com,fbates@faulkner-howard.com,2016,Honda,Civic,19XFC1F34GE212619,6H1119,5/30/16 4:00,FALSE,FALSE,FALSE
4282,Lost,Internet,1,4/21/22 18:30,4/21/22 18:30,BlackBookOnline,Elizabeth Houston,Lemus,Nathan Bradley,Vet,,johncooper@johnston-roberts.com,,2021,Honda,CR-V,,,,FALSE,TRUE,FALSE
4282,Lost,Phone,3,4/23/22 20:13,12/12/23 21:12,Service Drive,Jessica Thompson,Ferreira,William Johnston,Heng,,ucook@johnston-roberts.com,,,,,,,,FALSE,FALSE,FALSE
4282,Active,Internet,1,4/24/22 15:50,4/27/24 15:26,Hds Program Lead - Get E-Price,Heather Welch,Buonopane,Lisa Mullen,Ortiz,,fthomas@gomez.org,,2024,Honda,Civic Si,2HGFE1E59RH475744,,,FALSE,FALSE,FALSE
4282,Sold,Phone,3,4/28/22 12:48,1/21/23 15:59,Repeat Customer,Jonathan Williams,Holder,Dr. Mary Scott,Cuevas Luna,Antonio,patrick08@johnston-roberts.com,,2022,Honda,Accord,1HGCV1F36NA124282,2H1302,1/31/23 17:44,FALSE,FALSE,FALSE
4282,,,,5/10/22 14:27,,,Benjamin Shelton,Moronta,Christopher Kramer,Frazier,,awalker@johnston-roberts.com,,,,,,,,FALSE,FALSE,FALSE
4282,,,,5/19/22 19:57,,,Theresa Mays,Marinos,Alexa Pruitt,Wang,,dickersonvanessa@estes.com,,,,,,,,FALSE,FALSE,FALSE
4282,Active,Internet,1,5/26/22 23:46,4/25/24 21:58,EDMUNDS TRADE IN,Heather Welch,Buonopane,Daniel Murray,Lozius,,zacharycox@johnston-roberts.com,,1900,None,None,,,,FALSE,FALSE,FALSE
4282,,,,6/10/22 16:56,,,Jonathan Williams,Holder,Bradley Ingram,Parker,,andrew20@gomez.org,,,,,,,,FALSE,FALSE,FALSE
4282,Active,Walk-in,2,6/20/22 22:01,5/14/23 16:48,Service Drive,Ronald Garcia,Calcano,Frederick Harrell,Robbins,Alfred,leonjessica@mckay.com,,2023,Honda,HR-V,3CZRZ2H32PM745096,3H613,,FALSE,TRUE,FALSE
4282,,,,6/30/22 1:12,,,Frederick Harrell,LeDuc,Haley Garrett,Ma,,brittneykim@johnston-roberts.com,,,,,,,,FALSE,FALSE,FALSE
4282,Sold,Phone,3,7/5/22 19:13,7/5/22 19:13,Atamian Honda Website,John Lamb,Perez,Paul Mcdaniel,Ly,,hlowe@johnston-roberts.com,,2022,Honda,Civic,19XFL2H88NE017635,2H910,7/5/22 22:51,FALSE,FALSE,FALSE
4282,Active,Phone,3,7/22/22 15:33,4/23/24 13:32,Service Drive,Elizabeth Houston,Lemus,Sherri Hill,Rojan Chandran,,michelle61@johnston-roberts.com,,,,,,,,FALSE,FALSE,FALSE
4282,Sold,Internet,1,8/19/22 18:27,8/19/22 18:27,Dealer Inspire Credit App:Partial,Frederick Harrell,LeDuc,David Wilson,Panya,,henrymatthew@johnston-roberts.com,,2020,Honda,Accord,1HGCV1F14LA053093,2H954-1,8/20/22 19:15,FALSE,FALSE,FALSE
4282,,,,9/7/22 0:18,,,Jonathan Williams,Holder,Daniel Robertson,Desouza,,gescobar@johnston-roberts.com,,,,,,,,FALSE,FALSE,FALSE
4282,Active,Walk-in,2,9/14/22 17:53,4/23/24 14:08,Repeat Customer,Frederick Harrell,LeDuc,April Jenkins,Machado,Jardim,creed@johnston-roberts.com,,2024,Honda,Civic,,,,FALSE,FALSE,FALSE
4282,Active,Internet,1,9/15/22 21:26,4/13/24 20:33,Cargurus,Elizabeth Houston,Lemus,Mariah Smith DDS,Doney,,harmoneric@johnston-roberts.com,,2021,Kia,Soul,KNDJ23AU8M7767867,AZ6375,,FALSE,FALSE,FALSE
4282,Lost,Phone,3,9/19/22 18:15,9/25/22 19:58,Service Drive,Emily Blair,Alhado,Vincent Ellis,Croyle,,udelgado@johnston-roberts.com,,,,,,,,FALSE,FALSE,FALSE
4282,Sold,Phone,3,10/4/22 20:36,10/4/22 20:37,Auto Alert,Jessica Thompson,Ferreira,Katrina Johnson,Morabito,,denise52@gomez.org,,2023,Honda,HR-V,3CZRZ2H34PM720958,3H085,11/1/22 17:41,FALSE,FALSE,FALSE
4282,Sold,Internet,1,10/11/22 20:02,10/11/22 20:02,Honda Website,Frederick Harrell,Desrochers,Michael Buchanan III,Aakil,,adrianwright@moon.com,,2022,Honda,CR-V Hybrid,5J6RT6H93NL056342,2H1211,10/11/22 21:54,FALSE,FALSE,FALSE
4282,,,,11/4/22 16:41,,,Francisco Romero,Pena,William Bruce,Don,,harrislaura@johnston-roberts.com,,,,,,,,FALSE,FALSE,FALSE
4282,Sold,PreviousCustomer,10,11/10/22 20:44,4/9/24 22:26,Repeat Customer,Benjamin Shelton,Moronta,Bryan Edwards,Fifer,A,sydney84@johnston-roberts.com,,2020,Honda,Civic,2HGFC1F36LH682165,4H503-2,4/9/24 23:15,FALSE,FALSE,FALSE
4282,,,,11/19/22 16:31,,,Jonathan Williams,Holder,Eric Johnson,Matathias,,christina29@johnston-roberts.com,,,,,,,,FALSE,TRUE,FALSE
4282,Sold,Walk-in,2,11/30/22 22:22,8/15/17 22:43,Location,Frederick Harrell,LeDuc,Jeremy Wood,Picariello Jr,A,jphillips@gomez.org,,2017,Honda,Accord,1HGCT1B79HA006939,7H970,8/15/17 23:53,FALSE,FALSE,FALSE
4282,Lost,Phone,3,12/14/22 16:30,10/20/23 14:28,Service Drive,Leslie Herring,Vaz,Gary Gill,Ghezzi,,melvin95@johnston-roberts.com,,,,,,,,FALSE,FALSE,FALSE
4282,Lost,Walk-in,2,12/22/22 22:04,12/22/22 21:57,Referral,John Lamb,Perez,Kyle Patton,Makiej,A,zball@faulkner-howard.com,,2023,Honda,Passport,5FNYF8H57PB009175,3H261,,TRUE,TRUE,FALSE
4282,Sold,Internet,1,12/26/22 15:06,12/26/22 15:06,Truecar/Benefithub,Frederick Harrell,LeDuc,Timothy Johnson,Dasu Rajan,,tracyhuang@johnston-roberts.com,vmolina@romero-hawkins.com,2023,Honda,Odyssey,5FNRL6H77PB047900,3H426,3/18/23 17:41,FALSE,FALSE,FALSE
4282,Sold,Phone,3,1/2/23 21:53,1/2/23 17:32,Cargurus,John Lamb,Perez,David Rodriguez,Yeam,Lily,jessicamejia@gomez.org,david09@gomez.org,2023,Honda,Passport,5FNYF8H08PB003468,3H146,1/2/23 23:18,FALSE,FALSE,FALSE
4282,Lost,Phone,3,3/8/23 13:55,3/8/23 19:39,Service Drive,Anthony Ruiz,Perez,Eric Norton MD,Lu,,dmartin@gomez.org,,,,,,,,FALSE,FALSE,FALSE
4282,Bad,Internet,1,3/8/23 20:00,4/26/24 22:44,Capital One,Heather Welch,Buonopane,Joshua Keller,Terrero,,scottmiguel@moon.com,melissa96@moon.com,2022,Honda,HR-V,3CZRU6H15NM706004,4H977-1,,FALSE,FALSE,FALSE
4282,Active,Internet,1,3/15/23 12:45,4/23/24 22:29,Thirdparty Honda -,Leslie Herring,Vaz,Richard Rose,Wright,,rosariotaylor@johnston-roberts.com,,2024,Honda,CR-V,,,,FALSE,FALSE,FALSE
4282,Active,Phone,3,3/23/23 17:22,4/26/24 21:34,Service Drive,Leslie Herring,Vaz,Denise Brooks,Carrucini,,john64@gomez.org,,,,,,,,FALSE,FALSE,FALSE
4282,,,,4/10/23 16:50,,,Ronald Garcia,Calcano,Jo Browning,Loracruz,,rhays@johnston-roberts.com,,,,,,,,FALSE,FALSE,FALSE
4282,Sold,Phone,3,4/13/23 17:57,5/22/23 22:39,Service Drive,Jessica Thompson,Ferreira,Gregory Lamb,Hok,Chiev,kyle72@rosales-thompson.info,,2023,Honda,Accord Hybrid,1HGCY2F71PA037232,3H695S,5/23/23 13:47,FALSE,FALSE,FALSE
4282,Sold,Internet,1,4/16/23 18:02,4/16/23 17:52,Capital One,Jeremy Wood,Torra,Robyn Cross,Stilwell,Marie,kurtellis@johnston-roberts.com,,2023,Honda,CR-V Hybrid,2HKRS6H56PH817703,3H445,5/1/23 19:47,FALSE,FALSE,FALSE
4282,,,,4/19/23 13:31,,,John Lamb,Perez,Christopher Crosby,Patel,,cpennington@gomez.org,,,,,,,,FALSE,FALSE,FALSE
4282,,,,5/10/23 13:35,,,Michael Ellis,Genao,Dr. Catherine Lowe,Rawding,,rschultz@johnston-roberts.com,,,,,,,,FALSE,FALSE,FALSE
4282,Sold,Internet,1,5/13/23 22:11,5/13/23 19:50,Repeat Customer,Frederick Harrell,Desrochers,John Smith,Robinson,John,patrickcannon@faulkner-howard.com,patrickcannon@faulkner-howard.com,2023,Honda,Ridgeline,5FPYK3F54PB036214,3H667,5/23/23 23:14,FALSE,FALSE,FALSE
4282,Active,Internet,1,6/6/23 17:08,4/26/24 18:10,EDMUNDS TRADE IN,Jessica Thompson,Ferreira,Sierra Rivas,Nunez,,huangbrittany@gomez.org,,1900,None,None,,,,FALSE,FALSE,FALSE
4282,,,,6/6/23 17:08,,,Francisco Romero,Pena,Mark Dalton,Tip,,daychristopher@moreno.com,,,,,,,,FALSE,FALSE,FALSE
4282,Active,Internet,1,6/17/23 1:00,4/25/24 22:34,Hds Program Lead - Get E-Price,Anthony Ruiz,Perez,Paul Phillips,Palmer,,ywilliams@stark.org,john81@gomez.org,2024,Honda,Civic,2HGFE2F5XRH577610,,,FALSE,FALSE,FALSE
4282,Active,Walk-in,2,6/17/23 18:46,4/24/24 15:21,Referral,Benjamin Shelton,Moronta,Justin Norris,Ham,,dianareese@johnston-roberts.com,,2021,Honda,HR-V,3CZRU6H12MM743719,4H1007-1,,FALSE,FALSE,FALSE
4282,Sold,Walk-in,2,6/22/23 16:50,6/22/23 16:50,Location,Jeremy Wood,Torra,Kaitlin Gregory,Howell,Joe,knicholson@gomez.org,,2023,Honda,Accord Hybrid,1HGCY2F5XPA043853,3H801,6/22/23 19:15,FALSE,FALSE,FALSE
4282,,,,7/1/23 12:46,,,Frederick Harrell,Desrochers,Pam Taylor,Chen,,bmolina@johnston-roberts.com,,,,,,,,FALSE,FALSE,FALSE
4282,Sold,Phone,3,7/1/23 16:56,7/1/23 16:56,Location,Jonathan Williams,Holder,Ryan Smith,Touch,,joshua50@johnston-roberts.com,,2020,Honda,HR-V,3CZRU6H30LM721475,3H579-1,7/1/23 19:22,FALSE,FALSE,FALSE
4282,Active,Internet,1,7/12/23 20:32,4/24/24 15:41,EDMUNDS TRADE IN,Anthony Ruiz,Perez,Tony Johnson,Harting,M,gonzalezaaron@johnston-roberts.com,,2021,Honda,Pilot,5FNYF6H24MB006661,4H1064-1,,FALSE,FALSE,FALSE
4282,Sold,Internet,1,7/27/23 23:24,7/27/23 23:24,EDMUNDS TRADE IN,Emily Blair,Alhado,Ronald Day,Clagon,Jane,ghorton@moreno.com,,2019,Honda,Passport,5FNYF8H96KB004304,PG6150,7/31/23 19:28,FALSE,FALSE,FALSE
4282,Sold,Internet,1,8/2/23 18:04,8/2/23 18:04,Hds Program Lead - Check Availability,Theresa Mays,Marinos,Logan Carter,Travers,,mayleslie@johnston-roberts.com,mayleslie@johnston-roberts.com,2024,Honda,CR-V Hybrid,5J6RS6H59RL002985,4H104,8/4/23 14:52,FALSE,FALSE,FALSE
4282,,,,8/7/23 16:59,,,Jonathan Williams,Holder,Cassie Hogan,Anwar,,,,,,,,,,FALSE,FALSE,FALSE
4282,Bad,Phone,3,8/11/23 17:56,3/30/23 19:56,Repeat Customer,Michael Ellis,Genao,Kelly Morrison,Rodrigues De Melo,,ocunningham@johnston-roberts.com,priscilla86@johnston-roberts.com,,,,,,,FALSE,FALSE,FALSE
4282,Sold,Walk-in,2,8/22/23 19:52,8/22/23 19:52,Location,Jonathan Williams,Holder,Keith Pearson,James-Lalor,Orlena,wrusso@johnston-roberts.com,,2024,Honda,CR-V,2HKRS4H72RH421891,4H238,9/1/23 20:54,FALSE,FALSE,FALSE
4282,Sold,Walk-in,2,9/1/23 17:46,9/1/23 17:46,Atamian Honda Website,Jonathan Williams,Holder,Michael Walker,Rubino,Jean,atkinskatherine@johnston-roberts.com,,2024,Honda,HR-V,3CZRZ2H36RM717191,4H295S,10/1/23 19:34,FALSE,FALSE,FALSE
4282,Lost,Phone,3,9/5/23 15:13,4/25/24 18:44,Service Drive,Anthony Ruiz,Perez,Kimberly Brown,Lowe,,watsontheresa@johnston-roberts.com,,,,,,,,FALSE,FALSE,FALSE
4282,Sold,Walk-in,2,9/14/23 19:23,9/14/23 19:23,Location,Frederick Harrell,Desrochers,Joseph Crane,Del Orbe Fernandez,,amy39@johnston-roberts.com,,2020,Honda,Accord,1HGCV1F31LA093617,3H966-1,9/14/23 21:37,FALSE,FALSE,FALSE
4282,Sold,Phone,3,9/15/23 14:28,4/27/24 13:34,Referral,Michael Ellis,Genao,Brandon Lowe,Rodriguez,,brownnicole@johnston-roberts.com,,2021,Honda,Accord,1HGCV1F13MA000564,4H876-1,4/27/24 16:19,FALSE,FALSE,FALSE
4282,Active,Internet,1,9/22/23 14:18,9/20/23 1:57,Thirdparty Honda,Elizabeth Houston,Lemus,Debbie Trujillo,Arruda,C,vincent67@moon.com,,2024,Honda,Pilot,,,,FALSE,FALSE,FALSE
4282,Sold,Internet,1,10/1/23 16:56,4/23/24 16:11,Edmunds,Frederick Harrell,LeDuc,Kathryn Davis,Pickering,Traggis,michael02@faulkner-howard.com,,2024,Honda,HR-V,3CZRZ2H59RM765690,4H934,4/24/24 23:10,FALSE,FALSE,FALSE
4282,Sold,Walk-in,2,10/8/23 18:32,10/8/23 18:32,Location,Michael Ellis,Genao,Tom Olson,Gallarte,J,vdavis@moon.com,,2024,Honda,Civic,2HGFE1F9XRH305717,4H311,10/9/23 17:46,FALSE,FALSE,FALSE
4282,,,,10/16/23 14:22,,,Theresa Mays,Marinos,Michelle Morgan,Hughes,,robertjohnson@johnston-roberts.com,,,,,,,,FALSE,FALSE,FALSE
4282,Sold,Walk-in,2,10/20/23 20:08,10/20/23 20:08,Google Page,Michael Ellis,Genao,Tony Johnson,Noyes,Marie,wcarr@johnston-roberts.com,,2012,Honda,Accord,1HGCP3F78CA003825,4H261-1,10/20/23 21:32,FALSE,FALSE,FALSE
4282,Bad,Walk-in,2,10/31/23 21:48,3/9/24 14:21,Employee,Norma Fisher,Ramey,Norma Fisher,Ramey,,pballard@villanueva.biz,,,,,,,,FALSE,TRUE,FALSE
4282,Active,Internet,1,11/13/23 19:45,4/15/24 17:16,Truecar/Truecar,Anthony Ruiz,Perez,Katrina Johnson,Carignan,,nicolewilson@brennan.com,owright@johnston-roberts.com,2024,Honda,Accord Sedan,1HGCY1F32RA018859,4H595,,FALSE,FALSE,FALSE
4282,Sold,Internet,1,11/19/23 19:02,11/13/23 17:46,Thirdparty Honda,Theresa Mays,Marinos,Marcus Rowe,Bedard,D,kendrastephens@faulkner-howard.com,,2024,Honda,CR-V,7FARS4H45RE005536,4H413,11/13/23 19:00,FALSE,FALSE,FALSE
4282,Sold,Internet,1,12/3/23 17:50,12/3/23 17:50,Truecar/Truecar,John Lamb,Perez,James Mcclure,Belanger,John,nicoledavis@johnston-roberts.com,,2024,Honda,Accord Hybrid,1HGCY2F61RA023681,4H543S,1/1/24 19:07,FALSE,FALSE,FALSE
4282,Sold,Phone,3,12/7/23 17:01,12/7/23 17:01,AutoTrader.com,Theresa Mays,Marinos,William Allen,Renaudin,,veronica91@gomez.org,,2020,Honda,Civic Sedan,2HGFC2F67LH574590,CV6197,12/7/23 23:06,FALSE,FALSE,FALSE
4282,Active,Phone,3,12/15/23 0:39,4/23/24 22:13,Service Drive,Leslie Herring,Vaz,Riley Brown,Chhetri,,heathermanning@johnston-roberts.com,,,,,,,,FALSE,FALSE,FALSE
4282,Sold,Walk-in,2,12/15/23 20:50,12/15/23 20:50,Location,Benjamin Shelton,Moronta,Karen Lee,Pieu,,laurawalsh@johnston-roberts.com,,2024,Honda,Passport,5FNYF8H83RB000566,4H454,12/15/23 22:19,FALSE,FALSE,FALSE
4282,,,,12/19/23 20:05,,,Benjamin Shelton,Moronta,Christina White,Urena,,,,,,,,,,FALSE,FALSE,FALSE
4282,Lost,Referral,9,1/22/24 14:11,1/22/24 14:11,Instagram,Ronald Garcia,Calcano,Robin Miller,Richardson,,fredosborn@johnston-roberts.com,,,,,,,,FALSE,FALSE,FALSE
4282,Sold,Walk-in,2,2/4/24 18:59,2/4/24 18:59,Atamian Website Sales,Theresa Mays,Marinos,Jeffrey Terry,Mcdonough,,clarkcarlos@johnston-roberts.com,,2021,Honda,HR-V,3CZRU6H54MM716072,4H503-1,2/4/24 19:32,FALSE,FALSE,FALSE
4282,,,,3/12/24 16:30,,,Jeremy Wood,Torra,Richard Gonzalez,Nyenzi,,,,,,,,,,FALSE,FALSE,FALSE
4282,Active,Walk-in,2,3/17/24 16:49,4/23/24 21:57,Google Page,Ronald Garcia,Calcano,Tina Mann,Dy,,abenson@johnston-roberts.com,,2024,Honda,Passport,5FNYF8H61RB012441,4H1092,,FALSE,FALSE,FALSE
4282,Sold,Internet,1,3/19/24 21:42,3/19/24 21:42,Honda Website -,Jessica Thompson,Ferreira,Ashley Sandoval,Solitro,,rmills@johnston-roberts.com,saundersscott@gomez.org,2024,Honda,CR-V,2HKRS4H76RH466431,4H1046S,3/28/24 20:44,FALSE,FALSE,FALSE
4282,Lost,Internet,1,3/21/24 14:19,4/24/24 12:22,Truecar/Perks At Work,Anthony Ruiz,Perez,Carrie Hensley,Soukseunchay,,leeanthony@faulkner-howard.com,paullynch@boone-short.biz,2024,Honda,Passport,,,,FALSE,FALSE,FALSE
4282,Sold,Walk-in,2,3/22/24 18:28,3/22/24 18:28,Atamian Honda Website,Jerome Page,Matevosyan,Debbie Trujillo,Hunt,Del Carmen,acollins@johnston-roberts.com,,2021,Honda,Civic,2HGFC2F60MH516421,4H733S-1,3/22/24 19:20,FALSE,FALSE,FALSE
4282,,,,3/22/24 20:04,,,Jerome Page,Matevosyan,John Smith,Herlihy,,ericksonmelanie@johnston-roberts.com,,,,,,,,FALSE,FALSE,FALSE
4282,Sold,Walk-in,2,4/1/24 18:04,4/1/24 18:04,Location,Benjamin Shelton,Moronta,Rachel Lee,Santos Soto,Odalis,stephen10@johnston-roberts.com,,2021,Honda,CR-V,2HKRW2H83MH634505,AZ6342,4/1/24 19:52,FALSE,FALSE,FALSE
4282,Sold,Walk-in,2,4/1/24 23:31,4/1/24 23:31,ready automotive mailer,Michael Ellis,Genao,Caitlin Rodriguez,Sousa,Amber,,,2022,Honda,HR-V,3CZRU6H52NM742090,AZ6337,4/2/24 1:08,FALSE,FALSE,FALSE
4282,Sold,Internet,1,4/4/24 20:57,4/4/24 20:08,Cargurus,Jessica Thompson,Ferreira,Brianna Jensen,Feliz Sanchez,A,,,2019,Honda,CR-V,2HKRW2H59KH676289,AZ6321,4/4/24 21:50,FALSE,FALSE,FALSE
4282,,,,4/14/24 23:29,,,Nancy Davis,At,Steven Hill,Rodrigo,,renee81@johnston-roberts.com,,,,,,,,FALSE,FALSE,FALSE
4282,Active,Internet,1,4/16/24 3:23,4/16/24 3:23,Capital One,Elizabeth Houston,Lemus,Lisa Mullen,Mejia,,uroberson@johnston-roberts.com,,2024,Honda,Civic Sedan,2HGFE2F53RH537174,4H1025S,,FALSE,FALSE,FALSE
4282,Bad,Internet,1,4/16/24 19:33,4/27/24 10:23,Cargurus Reengagement,Heather Welch,Buonopane,Timothy Smith,Ramirezcastro,,yphillips@johnston-roberts.com,,2017,Honda,Accord Sedan,1HGCR2F3XHA199954,4H568-3,,FALSE,FALSE,FALSE
4282,Bad,Internet,1,4/20/24 6:35,4/26/24 10:23,Cargurus Reengagement,Anthony Ruiz,Perez,Madison Kelly,Sobkowich,,pwagner@moreno.com,,2023,Toyota,bZ4X,JTMABACA8PA016914,AZ6336,,FALSE,FALSE,FALSE
4282,Active,Internet,1,4/20/24 15:00,4/20/24 15:00,Capital One,Leslie Herring,Vaz,Debbie Trujillo,Avelar,,strongjerry@moon.com,,2024,Honda,HR-V,,,,FALSE,FALSE,FALSE
4282,Sold,Phone,3,4/22/24 22:49,4/27/24 14:48,Referral,Frederick Harrell,LeDuc,Shannon Jones,Mich,Parnell,kylejohns@johnston-roberts.com,,2020,Acura,MDX,5J8YD4H33LL041692,4H1119-2,4/27/24 16:31,FALSE,FALSE,FALSE
4282,Sold,Internet,1,4/23/24 3:56,4/24/24 19:43,Atamian Honda Website,Theresa Mays,Marinos,Donald Martinez,Oum,Lily,derekjimenez@johnston-roberts.com,,2021,Honda,Civic,2HGFC1F30MH702668,4H1030-1,4/24/24 21:00,FALSE,FALSE,FALSE
4282,Active,Internet,1,4/23/24 5:24,4/23/24 5:24,Cargurus,Elizabeth Houston,Lemus,Kristen Beck,Contreras,,qbrown@moreno.com,qbrown@moreno.com,2022,Honda,Civic Sedan,2HGFE2F53NH513385,4H1116-1,,FALSE,FALSE,FALSE
4282,Active,Internet,1,4/23/24 12:55,4/23/24 12:55,EDMUNDS TRADE IN,Elizabeth Houston,Lemus,Sheila Smith,Smith,,mcdanieljeremy@moreno.com,,2024,Honda,Accord Sedan,1HGCY1F21RA013708,4H736L-1,,FALSE,TRUE,FALSE
4282,,,,4/23/24 13:43,,,,,David Coleman,Lafontant,,,,,,,,,,FALSE,FALSE,FALSE
4282,Sold,Walk-in,2,4/23/24 14:12,4/23/24 14:12,Referral,Francisco Romero,Pena,Misty Torres,Hernandez,Mauricio,,,2024,Honda,Civic,19XFL2H82RE021489,4H1028S,4/23/24 15:41,FALSE,FALSE,FALSE
4282,Active,Internet,1,4/23/24 14:22,4/23/24 14:22,"Carfax, Inc",Elizabeth Houston,Lemus,Madison Lewis,Jimenez,,jcarter@johnston-roberts.com,,2017,Honda,Accord Sedan,1HGCR2F3XHA199954,4H568-3,,FALSE,FALSE,FALSE
4282,Active,Internet,1,4/23/24 15:11,4/23/24 15:11,EDMUNDS TRADE IN,Elizabeth Houston,Lemus,Sierra Rivas,Rodriguez,,jeremy63@johnston-roberts.com,,1900,None,None,,,,FALSE,FALSE,FALSE
4282,,,,4/23/24 15:33,,,,,Michael Romero,Mendes,,,,,,,,,,FALSE,FALSE,FALSE
4282,Active,Internet,1,4/23/24 16:03,4/23/24 16:03,"Carfax, Inc",Anthony Ruiz,Perez,Joanne Keller,Joseph,,mindylawrence@wyatt.com,,2024,Honda,CR-V Hybrid,2HKRS6H51RH807549,4H870SS,,FALSE,FALSE,FALSE
4282,Active,Internet,1,4/23/24 16:52,4/23/24 16:52,Cargurus,Anthony Ruiz,Perez,Ann Huber,Mazziotta,,josephmcmahon@johnston-roberts.com,,2015,INFINITI,Q50,JN1BV7AR4FM394557,AZ6297-1,,FALSE,FALSE,FALSE
4282,Bad,Internet,1,4/23/24 16:58,4/23/24 16:58,Cargurus,Elizabeth Houston,Lemus,Misty Torres,Test,,,,,,,,,,FALSE,FALSE,FALSE
4282,Active,Phone,3,4/23/24 17:06,4/23/24 17:06,Employee,Michael Ellis,Genao,Robert Smith,Vaz picanco e tosta,,,,,,,,,,FALSE,FALSE,FALSE
4282,Active,Phone,3,4/23/24 17:27,4/23/24 16:10,Service Drive,Michael Ellis,Genao,Angela Adams,Gomes Goncalves,Caio,anthonygray@moon.com,,2024,Honda,CR-V,2HKRS4H48RH479249,4H724SS,,FALSE,FALSE,FALSE
4282,Active,Walk-in,2,4/23/24 17:29,4/23/24 17:29,Repeat Customer,Michael Ellis,Genao,James Erickson,Mendes,Henrique,joshua45@moon.com,,2024,Honda,Accord Hybrid,1HGCY2F78RA051650,4H1179,,FALSE,FALSE,FALSE
4282,,,,4/23/24 18:07,,,,,April Huff,Som,,,,,,,,,,FALSE,FALSE,FALSE
4282,,,,4/23/24 19:16,,,Nancy Davis,At,Richard Pham,Lafosse,,jennifer65@johnston-roberts.com,,,,,,,,FALSE,FALSE,FALSE
4282,Lost,Internet,1,4/23/24 19:17,4/23/24 19:17,EDMUNDS TRADE IN,Anthony Ruiz,Perez,Kathleen Castillo,Kierstead,,angela22@johnston-roberts.com,,1900,None,None,,,,FALSE,FALSE,FALSE
4282,Active,Phone,3,4/23/24 20:07,4/23/24 20:07,Facebook,Ronald Garcia,Calcano,Kevin Larsen,Rodriguez Recio,Jose,nicolebowers@moon.com,,,,,,,,FALSE,FALSE,FALSE
4282,Active,Walk-in,2,4/23/24 20:32,4/23/24 20:32,Location,Emily Blair,Alhado,Donald Harper,Quach,Tricuong,,,,,,,,,FALSE,FALSE,FALSE
4282,Active,Internet,1,4/23/24 20:36,4/23/24 20:36,"Carfax, Inc",Anthony Ruiz,Perez,Eric Stone,Perez,,carollevy@moon.com,,,,,,,,FALSE,FALSE,FALSE
4282,Active,Phone,3,4/23/24 20:37,4/23/24 20:37,Referral,Frederick Harrell,LeDuc,Richard Carroll,Birolini,,timothyschultz@estes.com,,,,,,,,FALSE,FALSE,FALSE
4282,Active,Internet,1,4/23/24 20:42,4/23/24 20:42,Honda Certified Vehicle Search Ahm -,Leslie Herring,Vaz,Lori Shaw,Brennan,,james66@stark.org,,,Honda,Certified Pre-owned Model,,,,FALSE,FALSE,FALSE
4282,Bad,Internet,1,4/23/24 20:47,4/23/24 20:47,Dealer Inspire Credit App:Partial,Elizabeth Houston,Lemus,Jeffrey James,In,,michellewilliams@gomez.org,,,,,,,,FALSE,FALSE,FALSE
4282,Active,Internet,1,4/23/24 20:50,4/23/24 20:51,Edmunds,Anthony Ruiz,Perez,Laura Campbell,Blake,,ndecker@estes.com,,2024,Honda,Accord,,,,FALSE,FALSE,FALSE
4282,Lost,Internet,1,4/23/24 21:17,4/23/24 21:17,Hds Program Lead - Get E-Price,Leslie Herring,Vaz,Hunter Wright,Stutz,,theresa27@johnston-roberts.com,,2024,Honda,Accord Hybrid,1HGCY2F5XRA053575,4H1193,,FALSE,FALSE,FALSE
4282,Lost,Internet,1,4/23/24 21:37,4/23/24 21:37,EDMUNDS TRADE IN,Anthony Ruiz,Perez,Sierra Stevens,Carrasco,,csampson@johnston-roberts.com,,1900,None,None,,,,FALSE,TRUE,FALSE
4282,Active,WebsiteChat,7,4/23/24 21:55,4/23/24 21:55,Location,Emily Blair,Alhado,Robert Henry,Bowers,Renee,,,2022,Volkswagen,Tiguan,3VV2B7AX9NM043135,AZ6396,,FALSE,FALSE,FALSE
4282,Active,Phone,3,4/23/24 22:23,4/23/24 22:23,Atamian Honda Website,Emily Blair,Alhado,Thomas Jones,Dawson,A,,,2024,Honda,HR-V,3CZRZ2H59RM774082,4H1094,,FALSE,FALSE,FALSE
4282,Active,Phone,3,4/23/24 22:27,4/23/24 22:27,Instagram,Ronald Garcia,Calcano,Christopher Kramer,Martinez,Agustin,cantupatricia@johnston-roberts.com,,2020,Honda,Civic Sedan,19XFC1F37LE211698,AZ6397,,FALSE,FALSE,FALSE
4282,Sold,Phone,3,4/23/24 22:29,4/23/24 22:29,Instagram,Ronald Garcia,Calcano,Jessica Thompson,Sandoval Fernandez,Estelyn,lkelley@alvarado-cox.com,,2020,Honda,Civic,19XFC1F37LE211698,AZ6397,4/27/24 19:42,FALSE,FALSE,FALSE
4282,Sold,Phone,3,4/23/24 22:49,4/23/24 22:49,Atamian Honda Website,Francisco Romero,Pena,Patrick Parker,Kohanski,C,,,2024,Honda,Ridgeline,5FPYK3F11RB003462,4H947,4/26/24 19:41,FALSE,FALSE,FALSE
4282,Active,Internet,1,4/23/24 23:14,4/23/24 23:14,Capital One,Anthony Ruiz,Perez,Tyler Mahoney,Souza Da Cunha,,kathleenfrost@johnston-roberts.com,,2024,Honda,Civic Hatchback,19XFL2H50RE015888,4H711,,FALSE,FALSE,FALSE
4282,Active,Internet,1,4/23/24 23:16,4/23/24 23:16,"Carfax, Inc",Leslie Herring,Vaz,Mark Daugherty,Goddard,,samantha60@randall.info,,2023,Honda,Passport,5FNYF8H58PB044064,AZ6392,,FALSE,FALSE,FALSE
4282,Sold,Walk-in,2,4/23/24 23:33,4/23/24 22:51,Service Drive,Benjamin Shelton,Moronta,Brenda Nelson,Spera,Z,browningalfred@johnston-roberts.com,andreaallen@wyatt.com,2024,Honda,CR-V Hybrid,2HKRS6H99RH811576,4H1187,4/24/24 0:16,FALSE,FALSE,FALSE
4282,Sold,Phone,3,4/23/24 23:44,4/23/24 23:44,Atamian Honda Website,Michael Ellis,Genao,Michele Vang,Medina Arias,De Jesus,brianramos@johnston-roberts.com,,2024,Honda,CR-V Hybrid,2HKRS6H51RH807549,4H870SS,4/24/24 19:35,FALSE,FALSE,FALSE
4282,Active,Internet,1,4/24/24 1:51,4/24/24 1:51,Truecar/Autotempest,Anthony Ruiz,Perez,Michelle Wallace,Gallo,,tanyapotter@lewis.biz,,2024,Honda,Civic Si,,,,FALSE,FALSE,FALSE
4282,Active,Internet,1,4/24/24 2:51,4/24/24 2:51,Edmunds,Anthony Ruiz,Perez,Jodi Young,Brown,,qdavis@johnston-roberts.com,,2022,Honda,Civic Sedan,2HGFE2F53NH513385,4H1116-1,,FALSE,FALSE,FALSE
4282,Active,Internet,1,4/24/24 4:02,4/24/24 4:02,Dealer Inspire Credit App:Partial,Leslie Herring,Vaz,Monica Shelton,Griggs,,cholland@johnston-roberts.com,,2015,INFINITI,Q50,JN1BV7AR4FM394557,AZ6297-1,,FALSE,FALSE,FALSE
4282,Active,Internet,1,4/24/24 7:48,4/24/24 7:48,"Carfax, Inc",Anthony Ruiz,Perez,Cynthia Jones,Alestock,,qwebb@johnston-roberts.com,,2015,INFINITI,Q50,JN1BV7AR4FM394557,AZ6297-1,,FALSE,FALSE,FALSE
4282,Active,Internet,1,4/24/24 12:15,4/24/24 12:15,Thirdparty Honda -,Leslie Herring,Vaz,Steven Hill,Silva,,keitherickson@moreno.com,,2024,Honda,Civic Si,,,,FALSE,FALSE,FALSE
4282,Sold,Internet,1,4/24/24 12:29,4/24/24 12:29,Dealer Inspire - Website,Francisco Romero,Pena,Lindsey Smith,Mason,D,jerrysmith@johnston-roberts.com,,2021,Honda,CR-V,2HKRW2H51MH611603,4H1167-1,4/24/24 19:22,FALSE,FALSE,FALSE
4282,Sold,Internet,1,4/24/24 12:44,4/24/24 12:44,Dealer Inspire - Website,Frederick Harrell,LeDuc,Gregory Carter,Negri,,emorris@johnston-roberts.com,,2019,Honda,Passport,5FNYF8H29KB020788,4H1081-1,5/1/24 18:22,FALSE,FALSE,FALSE
4282,Bad,Internet,1,4/24/24 13:33,4/24/24 13:33,Cargurus,Anthony Ruiz,Perez,Miguel Hayes MD,Figuereo,D,,,,,,,,,FALSE,FALSE,FALSE
4282,Active,Internet,1,4/24/24 13:54,4/24/24 13:54,Cargurus,Leslie Herring,Vaz,Dennis Mann,Ciccotelli,,anne43@wyatt.com,,2022,Chrysler,Pacifica,2C4RC1L75NR134996,AZ6340,,FALSE,FALSE,FALSE
4282,Active,Phone,3,4/24/24 14:44,4/24/24 14:44,Instagram,Ronald Garcia,Calcano,Kyle Hansen,Santana,,william16@yu.com,,2019,Acura,RDX,5J8TC2H54KL025129,AZ6407,,FALSE,FALSE,FALSE
4282,,,,4/24/24 15:22,,,Benjamin Shelton,Moronta,Kelsey Buckley,Mak,,,,,,,,,,FALSE,FALSE,FALSE
4282,Active,Internet,1,4/24/24 15:54,4/24/24 15:54,Dealer Inspire - Website,Leslie Herring,Vaz,Frederick Harrell,Southard,,ingramdawn@johnston-roberts.com,,2024,Honda,Prologue,,,,FALSE,FALSE,FALSE
4282,,,,4/24/24 17:06,,,Nancy Davis,At,Dennis Griffin,Pheang,,aortiz@gomez.org,,,,,,,,FALSE,FALSE,FALSE
4282,Active,Internet,1,4/24/24 17:49,4/24/24 17:49,"Carfax, Inc",Heather Welch,Buonopane,Anna Castillo,Boucher,,olivia12@johnston-roberts.com,,2017,Honda,Accord Sedan,1HGCR2F3XHA199954,4H568-3,,FALSE,FALSE,FALSE
4282,Active,Internet,1,4/24/24 17:55,4/25/24 19:50,EDMUNDS TRADE IN,John Lamb,Perez,Sherri Fernandez,Mejias,Marie,bcochran@johnston-roberts.com,,2024,Honda,Civic Sedan,2HGFE2F56RH576387,4H1212,,FALSE,FALSE,FALSE
4282,Active,Internet,1,4/24/24 18:01,4/24/24 18:01,Cargurus - Digital Deal,Anthony Ruiz,Perez,Marissa Peterson,Chhim,,vvelazquez@moreno.com,,2019,Acura,MDX,5J8YD4H34KL023457,AZ6364-1,,FALSE,FALSE,FALSE
4282,Lost,Phone,3,4/24/24 18:02,4/24/24 18:02,Atamian Honda Website,Leslie Herring,Vaz,James Swanson,Singh,B,,,2024,Honda,HR-V,,,,FALSE,FALSE,FALSE
4282,Active,Internet,1,4/24/24 19:02,4/24/24 19:02,Cargurus - Appt - Digital Deal,Leslie Herring,Vaz,Kelly Evans,Silvers,,erin00@johnston-roberts.com,,2015,INFINITI,Q50,JN1BV7AR4FM394557,AZ6297-1,,FALSE,FALSE,FALSE
4282,Active,Internet,1,4/24/24 20:51,4/24/24 20:51,Cargurus - Digital Deal,Heather Welch,Buonopane,Gary Gill,Oneal,,wrightjames@johnston-roberts.com,,2017,Honda,Accord Sedan,1HGCR2F3XHA199954,4H568-3,,FALSE,FALSE,FALSE
4282,Active,Phone,3,4/24/24 21:00,4/24/24 21:00,Referral,Michael Ellis,Genao,James Finley,B,,,,,,,,,,FALSE,FALSE,FALSE
4282,Active,Internet,1,4/24/24 21:04,4/24/24 21:04,Capital One,Heather Welch,Buonopane,Benjamin Taylor,Murphy,,meghanrobinson@gomez.org,,2021,Honda,HR-V,3CZRU6H50MM729952,4H700-1,,FALSE,FALSE,FALSE
4282,Active,Internet,1,4/24/24 21:27,4/24/24 21:27,EDMUNDS TRADE IN,Heather Welch,Buonopane,Tammy Reed,C,,nicoleguzman@ramirez.info,,1900,None,None,,,,FALSE,FALSE,FALSE
4282,Lost,Internet,1,4/24/24 21:36,4/24/24 21:36,Edmunds,Heather Welch,Buonopane,Christopher Mendoza,Vachani,,smithjason@johnston-roberts.com,,2024,Honda,CR-V,,,,FALSE,FALSE,FALSE
4282,Active,Internet,1,4/24/24 21:39,4/24/24 21:39,"Carfax, Inc",Heather Welch,Buonopane,Anthony Johnson,Buckley,,jenniferlawson@gomez.org,,,,,,,,FALSE,FALSE,FALSE
4282,Sold,Phone,3,4/24/24 21:53,4/24/24 21:53,Atamian Honda Website,John Lamb,Perez,Victoria Delgado,Mason,Eric,regina68@sweeney.org,,2024,Honda,Accord,1HGCY1F27RA039228,4H907,4/26/24 20:01,FALSE,FALSE,FALSE
4282,Active,Walk-in,2,4/24/24 22:26,4/24/24 22:26,Referral,Michael Ellis,Genao,Jeffrey King,Galan Rondon,,,,2019,Honda,HR-V,3CZRU6H18KG709957,4H1121-1,,FALSE,FALSE,FALSE
4282,Sold,Phone,3,4/24/24 22:37,4/24/24 22:37,Atamian Honda Website,Emily Blair,Alhado,Kelly Peters,Donahue,Gerald,,,2024,Honda,Ridgeline,5FPYK3F66RB017465,TBD,5/1/24 14:15,FALSE,FALSE,FALSE
4282,Bad,Internet,1,4/25/24 0:18,4/25/24 0:18,Podium - Webchat,Leslie Herring,Vaz,Brandon Lyons Jr.,Cinco,,perry63@johnston-roberts.com,,,HONDA,Civic,,,,FALSE,FALSE,FALSE
4282,Active,Internet,1,4/25/24 0:33,4/25/24 0:33,"Carfax, Inc",Leslie Herring,Vaz,Katrina Johnson,Kenney,,bennettmonica@johnston-roberts.com,,,,,,,,FALSE,FALSE,FALSE
4282,Active,Internet,1,4/25/24 1:09,4/25/24 1:09,Cargurus,Elizabeth Houston,Lemus,Richard Rose,Kozimor,,sheltonmark@gomez.org,,2015,Subaru,Impreza Sedan,JF1GJAC67FH024670,4H1190-1,,FALSE,FALSE,FALSE
4282,Sold,Internet,1,4/25/24 1:16,4/25/24 1:16,Hds Program Lead - Get E-Price,Jerome Page,Matevosyan,Emily Smith,Flowers,A,michaelrivera@gomez.org,,2024,Honda,CR-V,2HKRS4H7XRH481921,4H1211,4/26/24 20:45,FALSE,FALSE,FALSE
4282,Active,Internet,1,4/25/24 1:26,4/25/24 1:26,Truecar/Truecar,Elizabeth Houston,Lemus,Mary Armstrong,Harlowe,,fletcherjeffrey@gomez.org,,2023,Honda,Accord Hybrid,1HGCY2F52PA059481,4H795-1,,FALSE,FALSE,FALSE
4282,Active,Internet,1,4/25/24 1:32,4/25/24 1:32,Truecar/Navy Federal,Elizabeth Houston,Lemus,Kathleen Hill,Pabalate,,wintersmichelle@johnston-roberts.com,,2024,Honda,HR-V,,,,FALSE,FALSE,FALSE
4282,Lost,Internet,1,4/25/24 4:15,4/25/24 4:15,Thirdparty Honda -,Elizabeth Houston,Lemus,Roy Young,Belizaire,,jerry76@johnston-roberts.com,,2024,Honda,HR-V,,,,FALSE,TRUE,FALSE
4282,Active,Internet,1,4/25/24 5:41,4/25/24 5:41,Cargurus,Elizabeth Houston,Lemus,Steven Pierce,Christina,,maciasmallory@moreno.com,,2015,INFINITI,Q50,JN1BV7AR4FM394557,AZ6297-1,,FALSE,FALSE,FALSE
4282,Active,Internet,1,4/25/24 11:45,4/25/24 11:45,Cargurus,Elizabeth Houston,Lemus,Anna Savage,Binette,,uhughes@bond.biz,,2017,Toyota,Corolla iM,JTNKARJE1HJ546134,4H1171-1,,FALSE,FALSE,FALSE
4282,Bad,Internet,1,4/25/24 12:37,4/25/24 12:37,"Carfax, Inc",Leslie Herring,Vaz,Alexander Carrillo Jr.,Binette,,uhughes@bond.biz,,2017,Toyota,Corolla iM,JTNKARJE1HJ546134,4H1171-1,,FALSE,FALSE,FALSE
4282,,,,4/25/24 13:04,,,,,Erin Olson,Prieto,,frances32@johnston-roberts.com,,,,,,,,FALSE,FALSE,FALSE
4282,Active,Internet,1,4/25/24 13:50,4/25/24 13:50,Podium - Webchat,Suzanne Thomas,Espinosa,Christopher York,Shore,,,,2024,Honda,CR-V,,,,FALSE,FALSE,FALSE
4282,Active,Internet,1,4/25/24 14:11,4/25/24 14:11,Hds Program Lead - Get E-Price,Francisco Romero,Pena,Amanda Graham,Ndreka,,sgordon@moon.com,sgordon@moon.com,2021,Honda,Pilot,5FNYF6H51MB075690,4H1178S1,,FALSE,FALSE,FALSE
4282,,,,4/25/24 14:25,,,,,Scott Boyd,Santos,,christopher45@lopez.com,,,,,,,,FALSE,FALSE,FALSE
4282,,,,4/25/24 14:26,,,Nancy Davis,At,Michael Reynolds,Puffer,,,,,,,,,,FALSE,FALSE,FALSE
4282,Sold,Phone,3,4/25/24 14:34,4/25/24 14:34,Atamian Honda Website,Theresa Mays,Marinos,Anna Sims,Nunes Martins Junior,,bbenson@johnston-roberts.com,,2024,Honda,Passport,5FNYF8H64RB013518,4H1182,4/26/24 0:29,FALSE,FALSE,FALSE
4282,Bad,Internet,1,4/25/24 14:35,4/25/24 14:35,"Carfax, Inc",Elizabeth Houston,Lemus,Laura Myers,Olney,,charlescurtis@johnston-roberts.com,,2021,Chevrolet,Blazer,3GNKBKRS6MS531888,AZ6346,,FALSE,FALSE,FALSE
4282,Active,Walk-in,2,4/25/24 15:13,4/25/24 15:13,Google Page,Ronald Garcia,Calcano,Ashley King MD,Beaucicot,K,milesbarbara@johnston-roberts.com,,2021,Honda,Civic Sedan,2HGFC2F69MH533332,4H1196-1,,FALSE,FALSE,FALSE
4282,Active,Walk-in,2,4/25/24 15:18,4/25/24 15:18,Location,Emily Blair,Alhado,Tyrone Howe,Dalton,M,,,2024,Honda,CR-V Awd,,,,FALSE,TRUE,FALSE
4282,Active,Internet,1,4/25/24 15:38,4/25/24 15:38,"Carfax, Inc",Elizabeth Houston,Lemus,Jessica Turner,Theriault,,melissajones@villanueva.biz,,2015,Subaru,Impreza Sedan,JF1GJAC67FH024670,4H1190-1,,FALSE,FALSE,FALSE
4282,Active,Phone,3,4/25/24 17:02,4/25/24 17:02,Referral,Elizabeth Houston,Lemus,Tyler Anderson,Starr,,hcurry@johnston-roberts.com,,,,,,,,FALSE,FALSE,FALSE
4282,Active,Internet,1,4/25/24 17:22,4/25/24 17:22,Dealer Inspire Credit App:Partial,Anthony Ruiz,Perez,Michael Walker,Hudzik,,aprilrodriguez@johnston-roberts.com,,,,,,,,FALSE,FALSE,FALSE
4282,Sold,Internet,1,4/25/24 18:46,4/30/24 16:41,Hds Program Lead - Get E-Price,Theresa Mays,Marinos,Brian Scott,Barrett,J,liutrevor@gomez.org,,2025,Honda,Pilot,5FNYG1H82SB011858,5H014,4/30/24 17:20,FALSE,FALSE,FALSE
4282,Active,Internet,1,4/25/24 19:07,4/25/24 19:07,Dealer Inspire Credit App:Partial,Elizabeth Houston,Lemus,Nicholas Edwards,Hudzik,,aprilrodriguez@johnston-roberts.com,,,,,,,,FALSE,FALSE,FALSE
4282,Active,Internet,1,4/25/24 19:57,4/25/24 19:57,Truecar/Detroit Trading Company,Elizabeth Houston,Lemus,Sarah Vega,McQueen,,carolterry@gomez.org,,2024,Honda,CR-V,2HKRS4H4XRH482444,4H1224,,FALSE,FALSE,FALSE
4282,Active,Internet,1,4/25/24 20:49,4/25/24 20:49,Cargurus,Heather Welch,Buonopane,Lisa Perry,Bailey,,ryan03@johnston-roberts.com,,2022,Honda,HR-V,3CZRU6H15NM706004,4H977-1,,FALSE,FALSE,FALSE
4282,Lost,Walk-in,2,4/25/24 21:05,4/25/24 21:05,Atamian Website Sales,Jerome Page,Matevosyan,Sierra Stevens,Carrasco Marte,Leandro,csampson@johnston-roberts.com,,,,,,,,FALSE,TRUE,FALSE
4282,Active,Walk-in,2,4/25/24 21:07,4/25/24 21:07,Location,Emily Blair,Alhado,Sarah Crawford,Meam,,saradoyle@johnston-roberts.com,,2025,Honda,Pilot,5FNYG1H98SB005555,4H1024SS,,FALSE,FALSE,FALSE
4282,Active,Internet,1,4/25/24 21:09,4/25/24 21:09,Cargurus,Heather Welch,Buonopane,Gavin Hopkins,Tibbetts,,sconner@johnston-roberts.com,,2022,Honda,Accord Sedan,1HGCV1F30NA039664,AZ6404,,FALSE,FALSE,FALSE
4282,Sold,Walk-in,2,4/25/24 21:10,4/25/24 21:10,Referral,Ronald Garcia,Calcano,Alexandria Rodriguez,Rodriguez Castano,Maria,jason96@moon.com,,2024,Honda,HR-V,3CZRZ2H59RM774082,4H1094,4/25/24 22:13,FALSE,FALSE,FALSE
4282,Active,Internet,1,4/25/24 22:59,4/25/24 22:59,Thirdparty Honda -,Francisco Romero,Pena,Timothy Garcia,Akula,V,umosley@johnston-roberts.com,,2024,Honda,HR-V,3CZRZ2H38RM771222,4H1034,,FALSE,FALSE,FALSE
4282,Bad,Internet,1,4/25/24 23:17,4/25/24 23:17,Podium - Webchat,Heather Welch,Buonopane,Nicole Moore,Galligani,,,,2019,HONDA,HR-V,,,,FALSE,FALSE,FALSE
4282,Active,Internet,1,4/26/24 1:20,4/26/24 1:20,"Carfax, Inc",Leslie Herring,Vaz,Theresa Smith,Sivakumar,,linda39@johnston-roberts.com,,2024,Honda,HR-V,3CZRZ2H36RM742415,4H507,,FALSE,FALSE,FALSE
4282,Bad,Internet,1,4/26/24 1:32,4/26/24 1:32,EDMUNDS TRADE IN,Anthony Ruiz,Perez,Jeanette Johnson,D,,,,1900,None,None,,,,FALSE,FALSE,FALSE
4282,Lost,Internet,1,4/26/24 6:44,4/26/24 6:44,Capital One,Heather Welch,Buonopane,Michael Griffin,Vasquez,,jason92@johnston-roberts.com,,2024,Honda,HR-V,3CZRZ2H33RM765134,4H980,,FALSE,FALSE,FALSE
4282,Active,Internet,1,4/26/24 9:21,4/26/24 9:21,Cargurus - Appt - Digital Deal,Leslie Herring,Vaz,Melissa Velasquez,Pearson,,bondgrace@johnston-roberts.com,,2021,Nissan,NV200 Compact Cargo,3N6CM0KNXMK708648,4H887-1,,FALSE,TRUE,FALSE
4282,,,,4/26/24 11:59,,,,,Robert Johnson,Lavoie,,jennifer59@johnston-roberts.com,,,,,,,,FALSE,FALSE,FALSE
4282,Active,Internet,1,4/26/24 12:02,4/26/24 12:02,Thirdparty Honda -,Heather Welch,Buonopane,Ashley Mcdaniel,Gonzalez,,jamessullivan@johnston-roberts.com,,2024,Honda,Civic,,,,FALSE,FALSE,FALSE
4282,Lost,Internet,1,4/26/24 12:27,4/26/24 12:27,"Carfax, Inc",Leslie Herring,Vaz,Linda Jones,Jean,,jeffreyzuniga@johnston-roberts.com,,2021,Honda,Civic Sedan,2HGFC2F69MH542984,4H904-1,,FALSE,FALSE,FALSE
4282,Active,Internet,1,4/26/24 13:21,4/26/24 13:21,Cargurus,Anthony Ruiz,Perez,Donna Williams,Depina,,longjuan@faulkner-howard.com,,2017,Toyota,Corolla iM,JTNKARJE1HJ546134,4H1171-1,,FALSE,FALSE,FALSE
4282,,,,4/26/24 13:50,,,Nancy Davis,At,Lisa Mullen,Hernadez,,lloydcurtis@gomez.org,,,,,,,,FALSE,FALSE,FALSE
4282,,,,4/26/24 14:00,,,Nancy Davis,At,Alejandro Williams,Colon Carrasquillo,,nharding@johnston-roberts.com,,,,,,,,FALSE,FALSE,FALSE
4282,Active,Walk-in,2,4/26/24 14:10,4/26/24 14:10,Location,Jessica Thompson,Ferreira,Briana Davis,Sachdeo,,berrytammy@johnston-roberts.com,,2024,Honda,CR-V Hybrid,2HKRS6H57RH811461,4H1185,,FALSE,FALSE,FALSE
4282,Active,Internet,1,4/26/24 14:39,4/26/24 14:39,Podium - Webchat,Leslie Herring,Vaz,Michael Murray,,,,,,HONDA,Accord,,,,FALSE,FALSE,FALSE
4282,,,,4/26/24 14:57,,,Ronald Garcia,Calcano,David Harrington,Pina Vasquez,,,,,,,,,,FALSE,FALSE,FALSE
4282,Lost,Internet,1,4/26/24 14:58,4/26/24 14:58,"Carfax, Inc",Leslie Herring,Vaz,Matthew Robinson,Venezia,,rebeccagates@moon.com,,,,,,,,FALSE,FALSE,FALSE
4282,Active,Internet,1,4/26/24 17:04,4/26/24 17:05,Dealer Inspire Credit App:Partial,Heather Welch,Buonopane,Curtis Murphy,Hernandez,,janet59@estes.com,,,,,,,,FALSE,FALSE,FALSE
4282,Active,Internet,1,4/26/24 17:25,4/26/24 17:25,Thirdparty Honda -,Leslie Herring,Vaz,James Watkins,Trudeau,,jmayer@moreno.com,,2024,Honda,Civic,,,,FALSE,FALSE,FALSE
4282,Lost,Internet,1,4/26/24 17:45,4/26/24 17:45,Truecar/Perks At Work,Heather Welch,Buonopane,Hunter Wright,Christensen,,thomaselizabeth@sosa.com,,2019,Toyota,RAV4,JTMP1RFV7KD503958,4H1108-1,,FALSE,TRUE,FALSE
4282,Active,Internet,1,4/26/24 17:47,4/26/24 17:47,Dealer Inspire - Website,Leslie Herring,Vaz,Michael Moore,Alexander,,robinsonjason@gomez.org,,,,,,,,FALSE,FALSE,FALSE
4282,,,,4/26/24 17:52,,,Nancy Davis,At,Laura Rocha,Richard,,,,,,,,,,FALSE,FALSE,FALSE
4282,Lost,Internet,1,4/26/24 18:11,4/26/24 18:11,"Carfax, Inc",Heather Welch,Buonopane,Travis Manning,Orr,,qmiranda@wyatt.com,,2019,Acura,MDX,5J8YD4H34KL023457,AZ6364-1,,FALSE,FALSE,FALSE
4282,Active,Internet,1,4/26/24 18:29,4/26/24 18:29,Capital One,Leslie Herring,Vaz,Jeremy Carroll,Nielsen,,butlermark@johnston-roberts.com,,2021,Honda,HR-V,3CZRU6H3XMM743470,4H945-1,,FALSE,FALSE,FALSE
4282,,,,4/26/24 18:45,,,,,Jennifer Thompson,Demattia,,,,,,,,,,FALSE,FALSE,FALSE
4282,Lost,Internet,1,4/26/24 19:08,4/26/24 19:08,Truecar/Benefithub,Anthony Ruiz,Perez,Natasha Pruitt,Port,,leslie39@johnston-roberts.com,,2024,Honda,Accord Sedan,1HGCY1F21RA013708,4H736L-1,,FALSE,FALSE,FALSE
4282,Active,Internet,1,4/26/24 19:11,4/26/24 19:11,"Carfax, Inc",Frederick Harrell,Desrochers,Matthew Stanley,Moran,Alfredo,lorirodriguez@johnston-roberts.com,,2022,Ford,Mustang,1FATP8UH0N5119626,AZ6345,,FALSE,FALSE,FALSE
4282,Sold,Internet,1,4/26/24 19:14,4/26/24 19:14,"Carfax, Inc",Theresa Mays,Marinos,Sarah Hoffman,Jarbath,,judyevans@johnston-roberts.com,,2024,Honda,Accord Hybrid,1HGCY2F81RA048100,4H1086,4/29/24 22:40,FALSE,FALSE,FALSE
4282,,,,4/26/24 19:29,,,Nancy Davis,At,Laurie Cox,Brito,,tina67@johnston-roberts.com,,,,,,,,FALSE,FALSE,FALSE
4282,Active,Internet,1,4/26/24 20:53,4/26/24 20:53,Honda Website -,Anthony Ruiz,Perez,Nicole Moore,Nguyen,,michaelwright@johnston-roberts.com,,2024,Honda,CR-V,,,,FALSE,FALSE,FALSE
4282,Bad,Internet,1,4/26/24 22:18,4/26/24 22:18,Thirdparty Honda -,Elizabeth Houston,Lemus,Joshua Keller,Terrero,,james05@moon.com,,2022,Honda,HR-V,3CZRU6H15NM706004,4H977-1,,FALSE,FALSE,FALSE
4282,Active,Internet,1,4/26/24 22:51,4/26/24 22:51,Edmunds,Elizabeth Houston,Lemus,Melissa Walters,Proddutoor,,brooksjohn@johnston-roberts.com,,2024,Honda,Passport,,,,FALSE,FALSE,FALSE
4282,Active,Internet,1,4/27/24 0:57,4/27/24 0:57,"Carfax, Inc",Heather Welch,Buonopane,Allison Ewing,Leal,,derek44@johnston-roberts.com,,,,,,,,FALSE,FALSE,FALSE
4282,Bad,Internet,1,4/27/24 1:21,4/27/24 1:21,"Carfax, Inc",Elizabeth Houston,Lemus,Steven Hill,Wigmore,,herrerabrooke@johnston-roberts.com,,2021,Nissan,NV200 Compact Cargo,3N6CM0KNXMK708648,4H887-1,,FALSE,FALSE,FALSE
4282,Active,Internet,1,4/27/24 1:30,4/27/24 1:30,EDMUNDS TRADE IN,Heather Welch,Buonopane,Barbara Jones,Oliver,Oliver,caitlinanderson@gomez.org,,1900,None,None,,,,FALSE,FALSE,FALSE
4282,Active,Internet,1,4/27/24 9:18,4/27/24 9:18,Cargurus,Heather Welch,Buonopane,Melissa Davis,Machado,,jorgewells@campos.com,,2019,Honda,Ridgeline,5FPYK3F77KB003122,4H1080-1,,FALSE,FALSE,FALSE
4282,Lost,Internet,1,4/27/24 12:12,4/27/24 12:12,"Carfax, Inc",Heather Welch,Buonopane,Nancy Garrison,Lavallee,,john80@gomez.org,,2015,Subaru,Impreza Sedan,JF1GJAC67FH024670,4H1190-1,,FALSE,FALSE,FALSE
4282,Active,Internet,1,4/27/24 12:41,4/27/24 12:41,Cargurus,Heather Welch,Buonopane,Scott Miles,Gorman,,jason36@johnston-roberts.com,,2015,INFINITI,Q50,JN1BV7AR4FM394557,AZ6297-1,,FALSE,FALSE,FALSE
4282,Sold,Internet,1,4/27/24 13:23,4/27/24 13:23,Dealer Inspire Credit App:Partial,Jeremy Wood,Torra,David Smith DDS,Vukovic,,jerry42@johnston-roberts.com,,2024,Honda,HR-V,3CZRZ2H3XRM761940,4H848,4/28/24 17:59,FALSE,FALSE,FALSE
4282,Active,Walk-in,2,4/27/24 13:51,4/27/24 13:51,Location,Jessica Thompson,Ferreira,Christian Miller,Napier,Charles,,,2024,Honda,Ridgeline,5FPYK3F58RB008757,4H1170,,TRUE,TRUE,TRUE
4282,Lost,Walk-in,2,4/27/24 13:56,4/27/24 13:56,Atamian Honda Website,Jerome Page,Matevosyan,Gerald Moreno,Trainor,Marie,porterlisa@johnston-roberts.com,,2025,Honda,Pilot,5FNYG1H98SB005555,4H1024SS,,FALSE,FALSE,FALSE
4282,Active,Phone,3,4/27/24 14:06,4/27/24 14:06,Atamian Honda Website,Heather Welch,Buonopane,David Rhodes,B,,,,,,,,,,FALSE,FALSE,FALSE
4282,,,,4/27/24 15:04,,,,,Donald Johnson,Pho,,parkerebony@faulkner-howard.com,,,,,,,,FALSE,FALSE,FALSE
4282,Bad,Internet,1,4/27/24 15:17,4/27/24 15:17,Truecar/Detroit Trading Company,Anthony Ruiz,Perez,Jason Wong,Tsai,,wheelerrobert@faulkner-howard.com,,2024,Honda,HR-V,3CZRZ2H50RM777761,4H1163,,FALSE,FALSE,FALSE
4282,Sold,Walk-in,2,4/27/24 15:35,4/27/24 15:35,Location,Jonathan Williams,Holder,Kelly Haynes,Mccaffrey,,kevin71@johnston-roberts.com,,2024,Honda,HR-V,3CZRZ2H59RM771408,4H1033,4/27/24 17:48,FALSE,FALSE,FALSE
4282,Active,Walk-in,2,4/27/24 16:10,4/27/24 16:10,Google Page,Ronald Garcia,Calcano,Christopher Huffman,Hoar,Marie,bbenson@johnston-roberts.com,,2022,Honda,HR-V,3CZRU6H16NM776451,AZ6371,,FALSE,FALSE,FALSE
4282,Sold,Walk-in,2,4/27/24 16:43,4/27/24 16:43,Referral,Michael Ellis,Genao,Whitney Garcia,Chavezvanegas,E,zbaker@johnston-roberts.com,,2024,Honda,CR-V Hybrid,2HKRS6H83RH809345,4H1085,4/27/24 18:59,FALSE,FALSE,FALSE
4282,Active,Phone,3,4/27/24 16:58,4/27/24 16:58,Atamian Honda Website,Anthony Ruiz,Perez,Laura Lee,Gorugantu,,zacharymora@johnston-roberts.com,,2022,Chrysler,Pacifica,2C4RC1L75NR134996,AZ6340,,FALSE,FALSE,FALSE
4282,Sold,Walk-in,2,4/27/24 17:23,4/27/24 17:23,Google Page,Ronald Garcia,Calcano,Kaitlin Gregory,Nou,,pamelarichardson@gomez.org,,2025,Honda,Pilot,,LOCATE ,5/1/24 18:36,FALSE,FALSE,FALSE
4282,Sold,Phone,3,4/27/24 17:28,4/27/24 17:28,Atamian Honda Website,Benjamin Shelton,Moronta,Rebecca Vasquez,Blue,Ann,petersonkelly@johnston-roberts.com,,2024,Honda,HR-V,3CZRZ2H75RM772668,4H1090,4/27/24 18:24,FALSE,FALSE,FALSE
4282,,,,4/27/24 18:04,,,Ronald Garcia,Calcano,Kathryn Smith,Nou,Sam,,,,,,,,,FALSE,FALSE,FALSE
4282,Active,Internet,1,4/27/24 18:08,4/27/24 18:08,Capital One,Heather Welch,Buonopane,Robert Davis,Lapointe,,usmith@johnston-roberts.com,,2024,Honda,Pilot,5FNYG1H41RB037133,4H865,,FALSE,FALSE,FALSE
4282,Active,Phone,3,4/27/24 18:39,4/27/24 18:39,Location,Norma Fisher,Ramey,Wayne Wilson,Diana,,allendeborah@johnston-roberts.com,,,,,,,,FALSE,FALSE,FALSE
4282,Active,Walk-in,2,4/27/24 18:43,4/27/24 18:43,Location,Norma Fisher,Ramey,Emily Blair,Bagheri Kashani,,rebeccazavala@butler.com,,2017,Kia,Sportage,KNDPMCAC2H7282223,4H815-2,,FALSE,FALSE,FALSE
4282,Active,Walk-in,2,4/27/24 18:49,4/27/24 18:49,Location,Jessica Thompson,Ferreira,Leslie Walker,Mwangi,Karimi,,,,,,,,,FALSE,FALSE,FALSE
4282,Sold,Walk-in,2,4/27/24 19:30,4/27/24 19:30,Atamian Honda Website,Theresa Mays,Marinos,Mary Armstrong,Doucette,David,bakerconnor@wyatt.com,,2017,RAM,1500,1C6RR7MT1HS739038,4H1140-1,4/28/24 20:56,FALSE,FALSE,FALSE
4282,Active,Internet,1,4/27/24 19:38,4/27/24 19:38,Dealer Inspire - Website,Elizabeth Houston,Lemus,Michael Hobbs,Darcy,,rmiller@johnston-roberts.com,,2024,Honda,CR-V Hybrid,,,,FALSE,FALSE,FALSE
4282,Lost,Internet,1,4/27/24 19:50,4/27/24 19:50,Honda Website -,Anthony Ruiz,Perez,Sara Anderson,Salamone,,michaelyoung@gomez.org,,2024,Honda,CR-V,,,,FALSE,FALSE,FALSE
4282,Sold,Walk-in,2,4/27/24 20:07,4/27/24 20:07,Atamian Honda Website,John Lamb,Perez,Steven Pierce,Metallides,Elizabeth,michael22@johnston-roberts.com,,2024,Honda,Odyssey,5FNRL6H81RB030571,4H772,4/27/24 22:06,FALSE,FALSE,FALSE
4282,Active,Walk-in,2,4/27/24 20:33,4/27/24 20:33,Location,Emily Blair,Alhado,Christy Lester,Woodworth lombardo,Marie,,,2024,Honda,HR-V,3CZRZ2H76RM783100,4H1248,,FALSE,FALSE,FALSE
4282,Sold,Walk-in,2,4/27/24 21:02,4/27/24 21:02,Referral,Michael Ellis,Genao,Luis Valdez,Gutierrez,,markparks@faulkner-howard.com,,2024,Honda,CR-V,2HKRS4H7XRH484074,4H1241,5/1/24 21:40,FALSE,FALSE,FALSE
4282,Active,Internet,1,4/27/24 21:07,4/27/24 21:07,Hds Program Lead - Get E-Price,Elizabeth Houston,Lemus,Robert Jones,Neves,,phicks@moreno.com,,2024,Honda,Pilot,5FNYG1H41RB037133,4H865,,FALSE,FALSE,FALSE
4282,Active,Walk-in,2,4/27/24 21:42,4/27/24 21:42,Location,Frederick Harrell,LeDuc,Patrick West,Ochijeh,T,vegadaniel@johnston-roberts.com,,2024,Honda,Accord Sedan,1HGCY1F36RA041612,4H1102,,FALSE,FALSE,FALSE
4282,,,,4/27/24 21:43,,,John Lamb,Perez,Kenneth Hebert,Metallides,J,fbell@johnston-roberts.com,,,,,,,,FALSE,FALSE,FALSE
4282,Active,Internet,1,4/27/24 22:16,4/27/24 22:16,Truecar/Sams Club,Heather Welch,Buonopane,Suzanne Clark,Sullivan,,caseyhamilton@faulkner-howard.com,,2024,Honda,Passport,,,,FALSE,FALSE,FALSE
4282,Active,Internet,1,4/27/24 23:00,4/27/24 23:00,Cargurus,Elizabeth Houston,Lemus,Frank Sutton,Hanson,,matthewgarrett@cooley-schmidt.com,,2020,Chevrolet,Silverado 1500,1GCPYFED0LZ318576,4H874-1,,FALSE,FALSE,FALSE
4282,Lost,Internet,1,4/27/24 23:39,4/27/24 23:39,"Carfax, Inc",Heather Welch,Buonopane,Suzanne Clark,Kelly,,bobbytorres@villanueva.biz,,,,,,,,FALSE,TRUE,FALSE
4282,Active,Internet,1,4/28/24 0:12,4/28/24 0:12,Podium - Google,Elizabeth Houston,Lemus,Steven Kim,Saxena,,amanda19@johnston-roberts.com,,1900,None,None,,,,FALSE,FALSE,FALSE
4282,Active,Internet,1,4/28/24 0:49,4/28/24 0:49,Honda Dealer Assoc Ahm -,Heather Welch,Buonopane,Alexis Lopez,Pham,,cjohnson@gomez.org,,2024,Honda,CR-V,,,,FALSE,FALSE,FALSE
4282,Lost,Internet,1,4/28/24 1:05,4/28/24 1:05,Edmunds,Elizabeth Houston,Lemus,Nicole King,Palmeri,,dramos@johnston-roberts.com,,2024,Honda,Passport,,,,FALSE,FALSE,FALSE
4282,Sold,Internet,1,4/28/24 1:30,4/28/24 1:30,Hds Program Lead - Get E-Price,Theresa Mays,Marinos,Monica Beltran,Ma,,rwebb@johnston-roberts.com,,2024,Honda,CR-V,2HKRS4H43RH478560,4H1073SS,4/29/24 20:47,FALSE,FALSE,FALSE
4282,,,,4/28/24 18:44,,,Ronald Garcia,Calcano,Mark Chan,DIAZ HIDALGO,,lkelley@alvarado-cox.com,,,,,,,,FALSE,FALSE,FALSE
4282,Sold,Phone,3,4/30/24 18:19,4/26/24 13:56,Referral,Ronald Garcia,Calcano,Angela Pitts,Pina Vasquez,Aurielena,tneal@johnston-roberts.com,tneal@johnston-roberts.com,2024,Honda,CR-V,2HKRS4H75RH482247,4H1221,4/26/24 17:52,FALSE,FALSE,FALSE
4282,,,,5/1/24 9:23,,,Ronald Garcia,Calcano,Curtis Murphy,Hernandez,,,,,,,,,,FALSE,FALSE,FALSE
4282,,,,5/3/24 20:17,,,Ronald Garcia,Calcano,Greg Lang,Sakunala,K,,,,,,,,,FALSE,FALSE,FALSE
